;kurz;source_domain;title;match;match_long;type
61482;Streich;diesiebtesichel.wordpress.com;Februar | 2015 | diesiebtesichel;"
Nun, das war der erste Streich des Amtsg";"on der lästigen nichtjuristischen Öffentlichkeit – intern juristisch besprochen.
Nun, das war der erste Streich des Amtsgerichts Heilbronn gegen Conny Axel Meier. Richter Berkners zweiter Vorwurf im Hi";Redewendung
171215;Streich;www.exlibris.ch;Deutscher Comic (Werk) - - Buch kaufen | Ex Libris;", ""Dieses war der erste Streich, doch der";"eser Bildergeschichte wie ""Aber wehe, wehe, wehe! / Wenn ich auf das Ende sehe!"", ""Dieses war der erste Streich, doch der zweite folgt sogleich"" und ""Gott sei Dank! Nun ist's vorbei / Mit der Übeltäter";meta
136028;Streich;de.bookmate.com;Hören Sie sich das Hörbuch “Max und Moritz”, von Wilhelm Busch bei Bookmate an;", ""Dieses war der erste Streich, doch der";"eser Bildergeschichte wie ""Aber wehe, wehe, wehe! / Wenn ich auf das Ende sehe!"", ""Dieses war der erste Streich, doch der zweite folgt sogleich"" und ""Gott sei Dank! Nun ist’s vorbei / Mit der Übeltäter";double
74439;Streich;www.ebooksbilliger.de;Max und Moritz - Eine Bubengeschichte in sieben Streichen als eBook | Belletristik;, „Dieses war der erste Streich, doch der;dieser Bildergeschichte wie „Aber wehe, wehe, wehe! Wenn ich auf das Ende sehe!“, „Dieses war der erste Streich, doch der zweite folgt sogleich“ und „Gott sei Dank! Nun ist’s vorbei mit der Übeltäterei;double
202484;Streich;www.brenscheder-bauern.de;Maibaumpotten 2017 - Brenscheder Bauern e.V.;.. dieses war der erste Streich, doch der;"der Bauern werden aber schon am Ende des ersten Streichs Maikäfer verteiltdenn ... dieses war der erste Streich, doch der zweite folgt sogleich:
Nach dem Festumzug durch das Kirchviertel Bochum-Wiemelh";Redewendung
184984;Streich;realschule-philippsburg.de;Konrad-Adenauer-Realschule Philippsburg - 5er im Staatstheater;"0
„Dieses war der erste Streich….“ – Max ";"Erstellt: 17. January 2020
„Dieses war der erste Streich….“ – Max und Moritz als Theaterstück im Staatstheater Karlsruhe
Am Freitagvormittag macht";meta
177399;Streich;de.linkfang.org;﻿﻿﻿ Liste geflügelter Worte/D - de.LinkFang.org;"29 Dieses war der erste Streich
230 Ding ";"es Glücks
227 Die wunderbaren Jahre
228 Die Würde des Menschen ist unantastbar
229 Dieses war der erste Streich
230 Ding an sich
231 Do ut des
232 Doch der Segen kommt von oben
233 Doch die Verhältniss";meta
2879;Streich;www.kulturkreiskamen.de;Kultur Kreis Kamen | Seite 5;: „Dieses war der erste Streich …“, began;en, Busch angemessen, unterhielt er es blendend. Er brachte es dazu, mitzumachen: „Dieses war der erste Streich …“, begann er, und das Publikum skandierte: „… und der zweite folgt sogleich.“ Und jeder ;meta
100238;Streich;www.rheinbruecke-online.de;Nachwuchs in der Dickhäuterherde im Kölner Zoo;: „Dieses war der erste Streich. Bei drei; Der zuständige Kurator für die Elefanten, Zoodirektor Theo B. Pagel, freut sich: „Dieses war der erste Streich. Bei drei weiteren Elefantenkühen erwarten wir in den nächsten Monaten eine Geburt. Mit d;Redewendung
161147;Streich;blog.zeit.de;Dieses war der erste Streich! Doch der zweite... - Zweitstimme;Dieses war der erste Streich! Doch der;"Dieses war der erste Streich! Doch der zweite…
Erste Hürde genommen! Der Koalitionsvertrag zwischen Union und SPD steh";Redewendung
84864;Streich;ass-rheinstetten.de;Ausflug ins Staatstheater Karlsruhe;Dieses war der erste Streich, doch der;"Dieses war der erste Streich, doch der zweite folgt zu gleich…….
Wir Schüler der Albert-Schweitzer-Schule waren am Mon";Redewendung
21251;Streich;powermetal.de;Review | SAXON - Wheels Of Steel | POWERMETAL.de;"Of Steel"" war der erste Streich.
Hymnen w";"i phantastische Alben in diesem Jahr zementierten den Ruf der Band, und ""Wheels Of Steel"" war der erste Streich.
Hymnen wie der Titelsong zieren auch heute noch die Livesets, schnelle Stücke wie 'Motor";Redewendung
166038;Streich;www.tagesspiegel.de;Abschied von einem guten Freund - Politik - Tagesspiegel;Rücktritt war der erste Streich im Putsch;nnert haben. Sir Geoffrey Howe war 1990 in der gleichen Position wie Cook. Sein Rücktritt war der erste Streich im Putsch gegen Margaret Thatcher. Und die Labour-Abgeordneten sehen im Unterhaus jeden T;Redewendung
1667;Streich;www.lernando.de;Aktiv die Adventszeit gestalten : Lernando.de;"e
""Dieses war der erste Streich doch der ";"e Käfer kritze kratze - Wilhelm Busch inspiriert auch heute noch Große und Kleine
""Dieses war der erste Streich doch der zweite folgt sogleich."" Wer kennt sie nicht, die berühmten Überleitungen zwische";meta
214667;Streich;www.buecher-thoene.de;Max und Moritz - Eine Bubengeschichte in sieben Streichen, Jubiläumsausgabe;"e
'Dieses war der erste Streich, doch der";"Max und Moritz - Eine Bubengeschichte in sieben Streichen, Jubiläumsausgabe
'Dieses war der erste Streich, doch der zweite folgt sogleich ...' Als 'Max und Moritz' im Jahre 1865 veröffentlicht wu";meta
160561;Streich;hoergut-verlag.de;Busch, Wilhelm;e „Dieses war der erste Streich, doch der;d Selbstzufriedenheit ins Lächerliche zog. Viele darin enthaltene Zweizeiler, wie „Dieses war der erste Streich, doch der zweite folgt sogleich“ oder „Vater werden ist nicht schwer, Vater sein dagegen ;meta
85455;Streich;www.nrhz.de;OHB Systems und Geopolitik - Zivilklausel und Freiheit der Universität Bremen schützen! - NRhZ-Online - Neue Rheinische Zeitung - info@nrhz.de - Tel.: +49 (0)221 22 20 246 - Fax.: +49 (0)221 22 20 247 - ein Projekt gegen den schleichenden Verlust der Meinungs- und Informationsfreiheit - Köln, Kölner, Leverkusen, Bonn, Kölner Dom, Kölner Polizei, Rat der Stadt Köln, Kölner Stadtanzeiger, Flughafen KölnBonn, Messe, Messe Köln, Polizei Köln, Rheinland, Bundeswehr Köln, heiliger Vater Köln, Vatikan Köln, Jürgen Rüttgers Köln, Radio Köln, Express Köln, Staatsanwaltschaft Köln, Kapischke Köln, Klüngel Köln, Schramma Köln, Fritz Schramma, Fritz Schramma Köln, Stadt Köln, Kölnarena, Oppenheim, Oppenheim Köln, Privatbank, Privatbank Köln, Sal. Oppenheim, Sal. Oppenheim Köln, WDR Köln, Oppenheim-Esch, Oppenheim-Esch Köln, Oppenheim-Esch-Holding, Oppenheim-Esch-Holding Köln, KölnMesse, KölnMesse Köln, KVB Köln, Ermittlungen, Kommune Köln, Dom Köln, Erzbistum Köln, Kardinal Meisner Köln;e. Dieses war der erste Streich und der z;glieder, auch wenn deren persönliche Einstellung pro Militärforschung sein sollte. Dieses war der erste Streich und der zweite folgte im März 2011. Kurz vor der Landtagswahl hatte sich nämlich die Bürg;Redewendung
183177;Streich;miprox.de;Das HAARP-Projekt;e. Dieses war der erste Streich. In welch;her ein Mitglied einer politischen Organisation das eigene Nervensystem lahmlegte. Dieses war der erste Streich. In welche Hände diese biologisch hocheffektive Waffentechnik auch immer geraten mag bzw.;Redewendung
87119;Streich;realschule-meckenheim.de;Startseite;"g.
Dieses war der erste Streich, weitere ";"Unterstützung und dem Team des Sportpoint Meckenheim für die engagierte Betreuung.
Dieses war der erste Streich, weitere werden folgen…..(frei nach Wilhelm Busch)
Claudia Kötter
Klassenpflegschaft 7c
„";Zitat
1559;Streich;i-t-l.ch;Inline Team Limmattal - News;"ird.
Dies war der erste Streich, der zwei";"utet werden, dass die Arbeit des Vorstandes grundsätzlich als gut eingeschätzt wird.
Dies war der erste Streich, der zweite ........?";Redewendung
148134;Streich;oregami.org;Die verflixte X-Wing-Serie oder Wieso eigentlich Datenmodellierung? | Oregami.org;"n.
Dieses war der erste Streich, ein erst";"ald einen neuen Blogeintrag über die schöne, reale Datenwelt da draußen verfassen.
Dieses war der erste Streich, ein erster Blogeintrag über einen wichtigen Aspekt von Spieledatenbanken, den wir gegenü";Redewendung
208448;Streich;www.gwi-boell.de;Das Schweigen der Männer - viel Lärm um nichts. | Gunda-Werner-Institut | Heinrich-Böll-Stiftung;n. Dieses war der erste Streich im Schlag;esetzt sehen, die laut Kuhla „hart an der Grenze des juristisch Zulässigen“ seien. Dieses war der erste Streich im Schlagabtausch, der durch ein von Agens frisch herausgegebenes und nun Dank der Verans;Redewendung
127040;Streich;www.scribd.com;Der neidische Handwerksbursch by Wilhelm Busch - Book - Read Online;"r ""Dieses war der erste Streich, doch der";"iner Zweizeiler wie ""Vater werden ist nicht schwer, Vater sein dagegen sehr"" oder ""Dieses war der erste Streich, doch der zweite folgt sogleich"" sind zu festen Redewendungen geworden. Seine Satiren ver";meta
182984;Streich;www.aufklaerung21.de;Aufklärung im 21. Jahrhundert: Wilhelm Busch (1832-1908);r „Dieses war der erste Streich, doch der;"gen geworden, z. B. „Vater werden ist nicht schwer, Vater sein dagegen sehr“ oder „Dieses war der erste Streich, doch der zweite folgt sogleich“.
Busch war ein ernster und verschlossener Mensch, der vi";meta
157282;Streich;www.positiv-magazin.de;"""Das, warum Du dich bemühst, möge Dir gelingen … "" | positiv-magazin, positive nachrichten, glücklich sein";r „Dieses war der erste Streich, doch der;"iner Zweizeiler wie „Vater werden ist nicht schwer, Vater sein dagegen sehr“ oder „Dieses war der erste Streich, doch der zweite folgt sogleich“ sind zu festen Redewendungen geworden. – (Wikipedia)
-/g";meta
77275;Streich;blog.zeit.de;Koalitionen Archive - Zweitstimme;"re
Dieses war der erste Streich! Doch der";"cheint sich bislang kaum jemand daran zu stören.
von Andrea Römmele, 29 Kommentare
Dieses war der erste Streich! Doch der zweite…
Erste Hürde genommen! Der Koalitionsvertrag zwischen Union und SPD steh";double
108971;Streich;mahablog.soup.io;mahablog's soup;"t ab.
Das war der erste Streich. Hinter d";"erichten und es hängt auch nicht mehr im Extremfall alles von mir und meiner Zeit ab.
Das war der erste Streich. Hinter den Kulissen arbeiten wir an einer weiteren Neuerung für euch – die folgt dann sp";Redewendung
100016;Streich;www.nadir.org;Glaskokillen_Karlsruhe;t. Dieses war der erste Streich, und der ;Castortransport in das Zwischenlager Nord/ Lubmin bundesweit für Aufsehen gesorgt. Dieses war der erste Streich, und der zweite rollt sogleich. Die Planung ist im vollen Gange, doch wir brauchen Eure U;Abwandlung
154451;Streich;wbs-wissen.de;Veranstaltungen;"ten
„Dies war der erste Streich, doch der";"Max und Moritz feiern Weihnachten
„Dies war der erste Streich, doch der zweite folgt sogleich“, ertönte es am Freitag, den 13.12.2019 und am Mittwoch, ";meta
77766;Streich;parkscout.de;Alle Artikel aus Zoos und Tierparks;"z
„Dieses war der erste Streich, doch der";"15.05.2013 | Zoo Leipzig - Pfingstspektakel mit Max & Moritz
„Dieses war der erste Streich, doch der zweite folgt sogleich“, heißt es nicht nur in Wilhelm Buschs Werk Max & Moritz,";Zitat
15602;Streich;www.lars-downunder.de;down under » Blog Archiv Für Analphabeten und solche, die nicht lesen wollen » down under - Lars bei den Aussies;"…]
Dieses war der erste Streich und der z";"weist nochmals auf das Vorbereitungsseminar hin, das am Abflugtag in Frankfurt […]
Dieses war der erste Streich und der zweite folgt sogleich Ich halte ihn gerade in den Händen. So viel Papier wie beim";Redewendung
