;source_domain;kurz;match;match_long
38;de.academic.ru;Achherrje;bkürzung herrje! („Herr J;" ein alltäglicher Erstaunens- oder Schreckensruf geworden. Beispiele sind:
die Abkürzung herrje! („Herr Jesus“)
o jemine bzw. oje (Kurzform des lateinischen o Iesu Domine, „oh Herr Jesu"
125;literaturkalender-koeln.de;AchWasMussMan;" | 2019
“Ach was muss man oft von bösen …”
Das ke";"enpresse vor. Kurzvorträge halten Maia Traine und Adrian Kasnitz.
12Oktober | Sa | 2019
“Ach was muss man oft von bösen …”
Das kennt jeder – auch wie es weitergeht. Aber hinter den beiden bekannten Bösewichten"
126;p-t-m.eu;AchWasMussMan;"Auszug:
„Ach, was muss man oft von bösen
Kindern h";"t von dieser pessimistischen Grundstimmung jedoch wenig herauszuhören. Hier ein Auszug:
„Ach, was muss man oft von bösen
Kindern hören oder lesen!
Wie zum Beispiel hier von diesen,
welche Max und Moritz hießen."
128;karin-strenz.de;AchWasMussMan;"Parchim
„Ach was muss man oft von bösen Kindern h";"klenburg
27. Febru
11. Februar 2015 ►Max und Moritz - Premiere im Kindertheater Parchim
„Ach was muss man oft von bösen Kindern hören oder lesen! Wie zum Beispiel hier von diesen, welche Max und Moritz hießen“"
129;www.planet-wissen.de;AchWasMussMan;"chthin.
""Ach, was muss man oft von bösen Kindern h";"igefinger als veraltet gilt, ist der Struwwelpeter der Kinderbuchklassiker schlechthin.
""Ach, was muss man oft von bösen Kindern hören oder lesen…"" So leitet Wilhelm Busch sein 1865 erschienenes Spitzbubentheat"
131;www.100prozenthof.de;AchWasMussMan;"h
Hof - ""Ach, was muss man oft von bösen Kindern h";"berölsbacher. Der 11:2-Sieg für Fanderl fiel nach...
Max und Moritz starten durch
Hof - ""Ach, was muss man oft von bösen Kindern hören oder lesen! Wie zum Beispiel hier von diesen, welche Max und Moritz hießen"""
135;www.ludgerusschule-rheine.de;AchWasMussMan;“Ach, was muss man oft von bösen Kindern h;"“Ach, was muss man oft von bösen Kindern hören oder lesen!
Wie zum Beispiel hier von diesen, welche Max und Moritz hießen."
137;www.redensarten-index.de;AlsManGlaubt;"atz ""Aber hier, wie überhaupt, Kommt es";"ermann Löns in ""Kraut und Lot""
. Nachgewiesen ist von Busch allerdings nur der Satz ""Aber hier, wie überhaupt, Kommt es anders, als man glaubt"", der aus dem Gedicht ""Plisch und Plum""
1. Kapitel, 1882"
138;www.redensarten-index.de;AlsManGlaubt;"atz ""Aber hier, wie überhaupt, Kommt es";"n ""Kraut und Lot""
1911, S. 132
. Nachgewiesen ist von Busch allerdings nur der Satz ""Aber hier, wie überhaupt, Kommt es anders, als man glaubt"", der aus dem Gedicht ""Plisch und Plum""
1. Kapitel, 1882"
142;welt-der-zitate.de;AlsManGlaubt;"ubt
„Aber hier, wie überhaupt, kommt es";"im eigens eingerichtetem Kontakt Formular vorschlagen.
Wilhelm Busch Zitat – glaubt
„Aber hier, wie überhaupt, kommt es anders, als man glaubt.“ Wilhelm Busch (1832 – 1908), deutscher Dichter, Maler "
158;www.nova-nexus.de;Beschluss;" †1981)
»Also lautet der Beschluss://
dass";"84 – †1968)
»Erziehung ist das Getriebe der Zivilisation.«
Ariel Durant (*1898 – †1981)
»Also lautet der Beschluss://
dass der Mensch was lernen muss.«
aus Max und Moritz – Vierter Streich
»Wenn man ins"
179;www.campus-philippsburg.de;Beschluss;"rlsruhe
„Also lautet ein Beschluss: Dass d";"Ein Besuch bei „Max und Moritz“ im Badischen Staatstheater Karlsruhe
„Also lautet ein Beschluss: Dass der Mensch was lernen muss.“ Das sehen Max und Moritz ganz anders und treiben lie"
187;www.reportagereisen.de;BewaffneterFriede; Buschs „Bewaffneter Friede“ mit dem ;ie Geschichte vom Wettlauf zwischen Hase und Igel? Weit bekannt ist auch Wilhelm Buschs „Bewaffneter Friede“ mit dem Igel als Hauptperson. Weniger schön, aber weit verbreitet die Igel, die eine Str
192;www.schultreff.de;BewaffneterFriede;"chte :
- Bewaffneter Friede
- Der Ese";"Affe
- 1884 Maler Klecksel
- 1909 Schein und Sein Erzählung :
Eduards Traum
Gedichte :
- Bewaffneter Friede
- Der Esel
Die Teilung
Er kann warten
Es saßen einstens beieinander ...
Fuchs und Igel
Ve"
194;www.literaturasyl.de;BewaffneterFriede;m Busch: bewaffneter Friede;"itikbegriffe
Proporzdemokratie Definition – Versäulung
← Schach spielen → Wilhelm Busch: bewaffneter Friede"
236;www.ddr-maerchen.de;boesenBuben;. Die von bösen Buben, die da M;"s enthält eine MP3 der CD Max und Moritz - Fipps der Affe.
Wer kennt sie nicht... Die von bösen Buben, die da Max und Moritz hießen. Eine Bubengeschichte in sieben Streichen ist eine Bilderge"
269;www.romantikerhaus-jena.de;boesenBuben;bekannten bösen Buben treffen d;angspunkt der Ausstellung mit Meisterwerken der Kinderbuchillustration. Die weltbekannten bösen Buben treffen dabei auf das Gespenst von Canterville, auf eine kleine Katze, die nur knapp eine
299;www.scribd.com;boesenBuben;eiche der bösen Buben Max und M;"strierte Ausgabe): Eines der beliebtesten Kinderbücher Deutschlands: Gemeine Streiche der bösen Buben Max und Moritz
Die lustigsten Geschichten von Wilhelm Busch für Kinder: 8 Klassiker der K"
300;www.buecher-thoene.de;boesenBuben;eiche der bösen Buben zu den Me; noch keiner die Erfolgsgeschichte des Bilderbuchs. Heute gehören die sieben Streiche der bösen Buben zu den Meisterwerken von Wilhelm Busch. Wer erinnert sich nicht an die haarsträubenden Ge
301;p-t-m.eu;boesenBuben;eiche der bösen Buben „Max und ;ns Huckebein, der Unglücksrabe“ oder die sicher den meisten Lesern bekannten Streiche der bösen Buben „Max und Moritz“. Als Zeichner und Autor von vorwiegend satirisch-witzigen Bildergeschich
335;www.erlangen.de;boesenBuben;ich diese bösen Buben, deren St;"thäterei!!«
Wilhelm Buschs »Max und Moritz« Lesung und Gespräch
Wer sind eigentlich diese bösen Buben, deren Streiche schon Generationen von Pädagogen empörten?
Gudrun Schury, Autorin der Wil"
350;digitalmall.alstertal-einkaufszentrum.de;boesenBuben;lene, die bösen Buben Max und M;isten Deutschlands wurde. Wer kennt sie nicht: die leider gar nicht so fromme Helene, die bösen Buben Max und Moritz, den likörliebenden Raben Hans Huckebein und all die anderen unsterblichen
352;www.aschendorff-buchverlag.de;boesenBuben;lm Buschs bösen Buben Max und M;e Gestaltung eines lateinischen Steckbriefs, ein Sketch im Beichtstuhl mit Wilhelm Buschs bösen Buben Max und Moritz als reuigen Sündern, ein fächerübergreifendes (Latein, Englisch) szenische
406;www.claudio.de;boesenBuben;s und die bösen Buben von Korin;" Dies zeigt sich wunderbar an Klassikern wie ""Das Bad am Samstagabend"", ""Diogenes und die bösen Buben von Korinth"" oder ""Die fromme Helene"". Sie alle (und noch vielmehr) sind auf diesem Hörbu"
445;www.schultreff.de;BubenKorinth;"s und die bösen Buben von Korinth
- Ein Abe";"- Die Rache des Elefanten
- Die Rutschpartie
- Die Strafe der Faulheit
- Diogenes und die bösen Buben von Korinth
- Ein Abenteurer in der Neujahrsnacht
- Fipps, der Affe
- Hans Huckebein
- Max und Moritz"
446;www.scribd.com;BubenKorinth;"s und die bösen Buben von Korinth
Die Straf";"m Fotografen
Erzählungen: Prosatexte, Autobiographisches und ein Gedicht
Diogenes und die bösen Buben von Korinth
Die Strafe der Faulheit
Die Rache des Elefanten
Der Bauer und der Windmüller
Zwei Diebe
S"
447;www.scribd.com;BubenKorinth;"s und die bösen Buben von Korinth
Wie man N";"er Windmüller
Zwei Diebe
Die Strafe der Faulheit
Die Rache des Elefanten
Diogenes und die bösen Buben von Korinth
Wie man Napoliums macht
Erzählungen: Prosatexte, Autobiographisches und ein Gedicht
Der h"
448;www.claudio.de;BubenKorinth;"s und die bösen Buben von Korinth"" oder ""Di";" Dies zeigt sich wunderbar an Klassikern wie ""Das Bad am Samstagabend"", ""Diogenes und die bösen Buben von Korinth"" oder ""Die fromme Helene"". Sie alle (und noch vielmehr) sind auf diesem Hörbuch versammel"
451;www.redensarten-index.de;DasGute;t fest - ist stets das Böse, was man lässt Um ins;"ck des letzten Fahrzeuges ein rotes Licht angebracht
Das Gute - dieser Satz steht fest - ist stets das Böse, was man lässt Um insgesamt als gut zu wirken, reicht oft schon aus, böse Taten zu unterlassen Zitat "
452;www.redensarten-index.de;DasGute;t fest - ist stets das Böse, was man lässt Um ins;"de Stütze von Menschen, Organisationen oder Systemen
Das Gute - dieser Satz steht fest - ist stets das Böse, was man lässt Um insgesamt als gut zu wirken, reicht oft schon aus, böse Taten zu unterlassen Zitat "
454;beruhmte-zitate.de;DasGute;"t fest - ist stets das Böse, was man lässt.“
Die ";"Schriftsteller, Essayist und Journalist 1903 - 1950
„Das Gute - dieser Satz steht fest - ist stets das Böse, was man lässt.“
Die fromme Helene, 18. Kapitel/Schlußwort
„Alles kann einem Mann abgenommen werden, "
455;textatelier.com;DasGute;"t fest –
Ist stets das Böse, was man lässt!“
(Aus";"aus Friedrich Schillers „Tell“). Oder, in Versform:
„Das Gute - dieser Satz steht fest –
Ist stets das Böse, was man lässt!“
(Aus „Die fromme Helene“ von Wilhelm Busch)
Auf dem Buchrücken der neuen Aphorismen-"
456;www.aufklaerung21.de;DasGute;"t fest –
Ist stets das Böse, was man läßt!
Pater ";"nfassung schopenhauerischer Weisheit ausgelegt wird:
Das Gute – dieser Satz steht fest –
Ist stets das Böse, was man läßt!
Pater Filucius ist die einzige Bildergeschichte im Gesamtwerk, die auf eine Anregung d"
457;www.aphorismen.de;DasGute;"t fest –
ist stets das Böse, was man läßt.
Wilhel";"lm von Schlegel, Johann Friedrich Unger, Berlin 1797
Das Gute – dieser Satz steht fest –
ist stets das Böse, was man läßt.
Wilhelm Busch (1832 - 1908), deutscher Zeichner, Maler und Schriftsteller
Quelle: Busc"
458;de.linkfang.org;DasGute;"t fest – ist stets das Böse, was man lässt
35 Das";"roße Fressen
33 Das größte Insekt ist der Elefant
34 Das Gute – dieser Satz steht fest – ist stets das Böse, was man lässt
35 Das Hemd ist mir näher als der Rock
36 Das Herz hat seine Gründe, die der Verstand "
459;www.tcwords.com;DasGute;t fest – ist stets das Böse, was man lässt.“ (Wil;"ich anerkannt werden.“ (Johann Wolfgang von Goethe)
„Das Gute – dieser Satz steht fest – ist stets das Böse, was man lässt.“ (Wilhelm Busch)
„Es gibt vielleicht keinen Menschen, und wäre er noch so tugendhaft,"
468;www.thalia.de;Einsam;" fragen!
Wer einsam ist, der hat es gut!";"htiges Herz. Das ist anderwärts!
von Joachim Ringelnatz
Mein Herz, ich will dich fragen!
Wer einsam ist, der hat es gut!"
1198;germanstories.vcu.edu;MeckMeckMeck;"chneider, meck, meck, meck!""
# 1 2 3";"# 1 2 3 4 5 6 7 8 9 10 ""He, heraus! Du Ziegen-Böck!
Schneider, Schneider, meck, meck, meck!""
# 1 2 3 4 5 6 7 8 9 10 Beide Gänse in der Hand,
Flattert er auf trocknes Land.
# 1 2 3 "
1202;zitate-aphorismen.de;MoralVonDerGeschicht;"
Quelle: Und die Moral von der Geschicht, Sämtlich";" Vergnügen
Enthaltsamkeit ist das Vergnügen
An Sachen, welche wir nicht kriegen.
Quelle: Und die Moral von der Geschicht, Sämtliche Werke I, 4. Aufl. 1988: München, Bertelsmann Verlag, , S. 910, Die Haarbeutel,"
1203;doku.iab.de;MoralVonDerGeschicht; (2006): Und die Moral von der Geschicht'...? Die ;"(Hrsg.), (Loccumer Protokolle, 10/04). Loccum.
Lange, J. & H. Pfannkuche (Hrsg.) (2006): Und die Moral von der Geschicht'...? Die Evaluierung der Arbeitsmarktreformen (""Hartz I bis III""). / Evangelische Akademi"
1204;service.randomhouse.de;MoralVonDerGeschicht; (Hrsg.) Und die Moral von der Geschicht;" dem Jacob-Grimm-Preis für Deutsche Sprache (2001).
Wilhelm Busch, Rolf Hochhuth (Hrsg.) Und die Moral von der Geschicht"
1205;service.randomhouse.de;MoralVonDerGeschicht; (Hrsg.) Und die Moral von der Geschicht;Wilhelm Busch, Rolf Hochhuth (Hrsg.) Und die Moral von der Geschicht
1208;booklikes.com;MoralVonDerGeschicht; Bänden: Und die Moral von der Geschicht. Was beli;"Sämtliche Werke und eine Auswahl der Skizzen und Gemälde in zwei Bänden: Und die Moral von der Geschicht. Was beliebt ist auch erlaubt
by: H. C. Wilhelm Busch (author)
Publisher: C. Bertelsmann "
1215;service.randomhouse.de;MoralVonDerGeschicht;" Werke I Und die Moral von der Geschicht
Sämtliche";"Wilhelm Busch, Rolf Hochhuth (Hrsg.)
Sämtliche Werke I Und die Moral von der Geschicht
Sämtliche Werke II Was beliebt ist auch erlaubt
Sämtliche Werke in 2 Bänden
Hardcover, Pa"
1220;service.randomhouse.de;MoralVonDerGeschicht;" offen
» Und die Moral von der Geschicht
» Wilhelm";"Huckebein / Die fromme Helene
» Max und Moritz op Kölsch
» Solange Herz und Auge offen
» Und die Moral von der Geschicht
» Wilhelm Busch - Gesammelte Werke
» Briefe aus dem Gefängnis"
1231;epikur-journal.at;MoralVonDerGeschicht;1. Band: Und die Moral von der Geschicht. 11. Aufl;"lm Busch. Sämtliche Werke und eine Auswahl der Skizzen und Gemälde in 2 Bänden. 1. Band: Und die Moral von der Geschicht. 11. Auflage. München 2006. S. 217-222
Damm, Barbara: ""Es ist schon alles gesagt! Nur noc"
1235;service.randomhouse.de;MoralVonDerGeschicht;"Hochhuth Und die Moral von der Geschicht
JPG - 72 ";"Wilhelm Busch, Rolf Hochhuth Und die Moral von der Geschicht
JPG - 72 dpi (88 KB)"
1268;www.redensarten-index.de;MoralVonDerGeschicht;"endet:) ""Und die Moral von der Geschicht: Bad zwei";"usch (1832-1908), das von zwei Kindern handelt, dessen gemeinsames Bad im Chaos endet:) ""Und die Moral von der Geschicht: Bad zwei in einer Wanne nicht!""; ""Und die Moral von der Geschicht: Ohne Liebe geht es ni"
1283;www.kulturkreiskamen.de;MoralVonDerGeschicht;h noch: „Und die Moral von der Geschicht: …“.So wu;das Publikum skandierte: „… und der zweite folgt sogleich.“ Und jeder kannte auch noch: „Und die Moral von der Geschicht: …“.So wurde jedem unmittelbar klar, wie einprägsam Buschs Sprache ist. Auch wenn wohl ka
1291;de.m.wikiquote.org;MoralVonDerGeschicht;ing. In: Und die Moral von der Geschicht. Wilhelm ;" mag wickeln und haspeln - so viel er nur will."" - Wilhelm Busch, Der Schmetterling. In: Und die Moral von der Geschicht. Wilhelm Busch. Sämtliche Werke I. Herausgegeben von Rolf Hochhuth. 12. Auflage, München,"
1359;www.redensarten-index.de;Onkel;" derb
Ein Onkel, der Gutes mitbringt, ist bess";"in die hohle Hand geschissen! Das ist besser als gar nichts
! umgangssprachlich, derb
Ein Onkel, der Gutes mitbringt, ist besser als eine Tante, die bloß Klavier spielt Ein Geschenk ist besser als wohlmeine"
2341;www.fictionbox.de;Ritzeratze;" Sackmann
Ritzeratze, voller T";":
Die verspätete Nation - Wie der Comic in Deutschland heimisch wurde
Dr. Eckart Sackmann
Ritzeratze, voller Tücke ...
Das 19. Jahrhundert, die Wiege des Comic
Komik im Comic - Nicht lustig,"
2342;germanstories.vcu.edu;Ritzeratze;"der Säge,
Ritzeratze! voller T";"aßt.
# 1 2 3 4 5 6 7 8 9 10 Max und Moritz, gar nicht träge,
Sägen heimlich mit der Säge,
Ritzeratze! voller Tücke,
In die Brücke eine Lücke.
# 1 2 3 4 5 6 7 8 9 10 Und schon ist er auf der "
2344;www.ruhrnachrichten.de;Ritzeratze;"und Band
""Ritzeratze, voller T";"e das Von Thomas Schroeter
Westfälische Landestheater
Max und Moritz außer Rand und Band
""Ritzeratze, voller Tücke in die Brücke eine Lücke!"" Kommt dann Schneidermeister Böck geeilt, landet "
2445;www.gaebler.info;Selbstkritik;stkritik Die Selbstkritik hat viel für sich. Gesetzt ;tes und Heiteres“ der ÖJD-Senioren-Tagung Oktober 2016 in Neudietendorf Die Selbstkritik Die Selbstkritik hat viel für sich. Gesetzt den Fall, ich tadle mich, So hab ich erstens den Gewinn, Dass ich so hübsch besc
2448;www.exlibris.ch;Streich;", ""Dieses war der erste Streich, doch der";"eser Bildergeschichte wie ""Aber wehe, wehe, wehe! / Wenn ich auf das Ende sehe!"", ""Dieses war der erste Streich, doch der zweite folgt sogleich"" und ""Gott sei Dank! Nun ist's vorbei / Mit der Übeltäter"
2450;realschule-philippsburg.de;Streich;"0
„Dieses war der erste Streich….“ – Max ";"Erstellt: 17. January 2020
„Dieses war der erste Streich….“ – Max und Moritz als Theaterstück im Staatstheater Karlsruhe
Am Freitagvormittag macht"
2451;de.linkfang.org;Streich;"29 Dieses war der erste Streich
230 Ding ";"es Glücks
227 Die wunderbaren Jahre
228 Die Würde des Menschen ist unantastbar
229 Dieses war der erste Streich
230 Ding an sich
231 Do ut des
232 Doch der Segen kommt von oben
233 Doch die Verhältniss"
2452;www.kulturkreiskamen.de;Streich;: „Dieses war der erste Streich …“, began;en, Busch angemessen, unterhielt er es blendend. Er brachte es dazu, mitzumachen: „Dieses war der erste Streich …“, begann er, und das Publikum skandierte: „… und der zweite folgt sogleich.“ Und jeder 
2458;www.lernando.de;Streich;"e
""Dieses war der erste Streich doch der ";"e Käfer kritze kratze - Wilhelm Busch inspiriert auch heute noch Große und Kleine
""Dieses war der erste Streich doch der zweite folgt sogleich."" Wer kennt sie nicht, die berühmten Überleitungen zwische"
2459;www.buecher-thoene.de;Streich;"e
'Dieses war der erste Streich, doch der";"Max und Moritz - Eine Bubengeschichte in sieben Streichen, Jubiläumsausgabe
'Dieses war der erste Streich, doch der zweite folgt sogleich ...' Als 'Max und Moritz' im Jahre 1865 veröffentlicht wu"
2460;hoergut-verlag.de;Streich;e „Dieses war der erste Streich, doch der;d Selbstzufriedenheit ins Lächerliche zog. Viele darin enthaltene Zweizeiler, wie „Dieses war der erste Streich, doch der zweite folgt sogleich“ oder „Vater werden ist nicht schwer, Vater sein dagegen 
2467;www.scribd.com;Streich;"r ""Dieses war der erste Streich, doch der";"iner Zweizeiler wie ""Vater werden ist nicht schwer, Vater sein dagegen sehr"" oder ""Dieses war der erste Streich, doch der zweite folgt sogleich"" sind zu festen Redewendungen geworden. Seine Satiren ver"
2468;www.aufklaerung21.de;Streich;r „Dieses war der erste Streich, doch der;"gen geworden, z. B. „Vater werden ist nicht schwer, Vater sein dagegen sehr“ oder „Dieses war der erste Streich, doch der zweite folgt sogleich“.
Busch war ein ernster und verschlossener Mensch, der vi"
2469;www.positiv-magazin.de;Streich;r „Dieses war der erste Streich, doch der;"iner Zweizeiler wie „Vater werden ist nicht schwer, Vater sein dagegen sehr“ oder „Dieses war der erste Streich, doch der zweite folgt sogleich“ sind zu festen Redewendungen geworden. – (Wikipedia)
-/g"
2472;wbs-wissen.de;Streich;"ten
„Dies war der erste Streich, doch der";"Max und Moritz feiern Weihnachten
„Dies war der erste Streich, doch der zweite folgt sogleich“, ertönte es am Freitag, den 13.12.2019 und am Mittwoch, "
2475;www.abipur.de;Uebeltaeterei;" Nun ists vorbei
Mit der übeltäterei!”
Auf den ";"eine Spur.
Kurz, im ganzen Ort herum
Ging ein freudiges Gebrumm:
“Gott sei Dank! Nun ists vorbei
Mit der übeltäterei!”
Auf den ersten Blick ist Buschs unsterbliche Bildergeschichte eine Moritat[1] des Inhalt"
2478;www.aphorismen.de;Uebeltaeterei;"Nun ist's vorbei
mit der Übeltäterei.
Quelle: Bu";"steller
Quelle: Busch, Bildergeschichten. Die fromme Helene,1872
Gott sei Dank! Nun ist's vorbei
mit der Übeltäterei.
Quelle: Busch, Bildergeschichten. Max und Moritz, 1865. Schluss
Die Menschen verstehen den"
2480;de.bookmate.com;Uebeltaeterei;"Nun ist’s vorbei / Mit der Übeltäterei!"" sind zu";"eses war der erste Streich, doch der zweite folgt sogleich"" und ""Gott sei Dank! Nun ist’s vorbei / Mit der Übeltäterei!"" sind zu geflügelten Worten im deutschen Sprachgebrauch geworden.
AudioKlassiker
Die Tan"
2481;www.erlangen.de;Uebeltaeterei;"Nun ist’s vorbei Mit der Übelthäterei!!«
Wilhel";"hof ist geöffnet
Matinée im Rahmen des 34. Erlanger Poetenfests
»Gott sei Dank! Nun ist’s vorbei Mit der Übelthäterei!!«
Wilhelm Buschs »Max und Moritz« Lesung und Gespräch
Wer sind eigentlich diese bösen Bu"
3516;www.vasilov.eu;VaterWerden;anderem: „Vater werden ist nicht schwer, Vater se;"edewendungen sind bis heute der deutschen Sprache erhalten geblieben, wie unter anderem: „Vater werden ist nicht schwer, Vater sein dagegen sehr“.
Autor war verschlossen und allein
Wer glaubt, dass Wilhelm Bus"
3520;hoergut-verlag.de;VaterWerden;ch“ oder „Vater werden ist nicht schwer, Vater se;tene Zweizeiler, wie „Dieses war der erste Streich, doch der zweite folgt sogleich“ oder „Vater werden ist nicht schwer, Vater sein dagegen sehr“ sind heute feste Redewendungen im Deutschen geworden. Schon zu 
3521;de.scribd.com;VaterWerden;eizeiler „Vater werden ist nicht schwer - Vater s;"ist nach „Max und Moritz“ eines der bekanntesten Werke von Wilhelm Busch. Der Zweizeiler „Vater werden ist nicht schwer - Vater sein dagegen sehr“ stammt aus dieser Trilogie.
Erstmals ist hier der Bürger nicht"
3523;podtail.com;VaterWerden;"en, z.B. ""Vater werden ist nicht schwer, Vater se";" Helene oder Plisch und Plumm. Und viele seiner Reime sind sprichwörtlich geworden, z.B. ""Vater werden ist nicht schwer, Vater sein dagegen sehr"".
Der Illustrator Tomi Ungerer liebte es mit seinen Zeichnungen "
3532;www.scribd.com;VaterWerden;"iler wie ""Vater werden ist nicht schwer, Vater se";"""Hans Huckebein, der Unglücksrabe"" und die ""Knopp-Trilogie"". Viele seiner Zweizeiler wie ""Vater werden ist nicht schwer, Vater sein dagegen sehr"" oder ""Dieses war der erste Streich, doch der zweite folgt sogle"
3533;www.positiv-magazin.de;VaterWerden;iler wie „Vater werden ist nicht schwer, Vater se;"um, Hans Huckebein, der Unglücksrabe und die Knopp-Trilogie.
Viele seiner Zweizeiler wie „Vater werden ist nicht schwer, Vater sein dagegen sehr“ oder „Dieses war der erste Streich, doch der zweite folgt sogle"
3534;www.lovelybooks.de;VaterWerden;iler wie „Vater werden ist nicht schwer, Vater se;"”, ""Plisch und Plum” und ""Hans Huckebein, der Unglücksrabe”. Viele seiner Zweizeiler wie „Vater werden ist nicht schwer, Vater sein dagegen sehr"" sind zu festen Redewendungen im deutschen Sprachgebrauch geword"
3537;webarchiv.onb.ac.at;VaterWerden;"lsweise: ""Vater werden ist nicht schwer, Vater se";"en zahlreiche Redewendungen, die selbst heute noch verwendet werden, wie beispielsweise: ""Vater werden ist nicht schwer, Vater sein dagegen, sehr."" (Prager Tagblatt, 28. April 1881, S. 2).
Busch verstarb am 9."
3543;www.aufklaerung21.de;VaterWerden;n, z. B. „Vater werden ist nicht schwer, Vater se;Laien. Viele seiner Zweizeiler sind im Deutschen zu festen Redewendungen geworden, z. B. „Vater werden ist nicht schwer, Vater sein dagegen sehr“ oder „Dieses war der erste Streich, doch der zweite folgt sogle
3560;zav.arbeitsagentur.de;Vogel;"
13) „Der Vogel, scheint mir, hat Humor“ - Der er";"Eindruck von dieser ungewöhnlichen Zeit und von Velia´s heiterer Interpretation.
13) „Der Vogel, scheint mir, hat Humor“ - Der erste deutsche Kabarettist Wilhelm Busch
- seine Verse sind sehr unterhaltsam und "
3561;service.randomhouse.de;Vogel;" ""... Der Vogel, scheint mir, hat Humor ..."".
» D";"reren Programmen für Kinder und Erwachsene auf Tour, eines davon trägt den Titel ""... Der Vogel, scheint mir, hat Humor ..."".
» Das große farbige Wilhelm Busch Album
» Der fliegende Frosch
» Der Schmetterling
"
3562;cyranos.ch;Vogel;"57), ""Der Vogel, scheint mir, hat Humor...""(61), ";"n Arbeiten nach dem Krieg gehören ""Schneider Wibbel"" (54), ""Der tolle Bomberg"" (57), ""Der Vogel, scheint mir, hat Humor...""(61), ""...und heute ins Theater - Ich, Erste Person Einzahl"" (65) und eine Episode der"
3563;www.mengede-intakt.de;Vogel;"etzt
„Der Vogel, scheint mir, hat Humor“
Ein Wilh";"ulturelle Veranstaltungsreihe im “Burghof” in Mengede wird im neuen Jahr fortgesetzt
„Der Vogel, scheint mir, hat Humor“
Ein Wilhelm Busch-Abend
mit Peter Schütze
am Dienstag, 28.1.2020 um 19.00 Uhr
Die kultur"
3565;de.wikipedia.org;WasBeliebtIstAuchErlaubt;. Band 2 Was beliebt ist auch erlaubt. Bertelsm;m Busch, Sämtliche Werke und eine Auswahl der Skizzen und Gemälde in zwei Bänden. Band 2 Was beliebt ist auch erlaubt. Bertelsmann, Gütersloh 1959, S. 886–1045, hier: S. 905–961 (Die Kneipe des Vereins Jung-
3566;service.randomhouse.de;WasBeliebtIstAuchErlaubt;"Werke II Was beliebt ist auch erlaubt
Sämtliche";"lf Hochhuth (Hrsg.)
Sämtliche Werke I Und die Moral von der Geschicht
Sämtliche Werke II Was beliebt ist auch erlaubt
Sämtliche Werke in 2 Bänden
Hardcover, Pappband, 2.272 Seiten, 12,5 x 20,6 cm
durchgehend"
3567;de.m.wikiquote.org;WasBeliebtIstAuchErlaubt;aum. In: Was beliebt ist auch erlaubt. Wilhelm ;" im Alter nicht mehr mit Sicherheit rechnen dürfen!"" - Wilhelm Busch, Eduards Traum. In: Was beliebt ist auch erlaubt. Wilhelm Busch. Sämtliche Werke II. Herausgegeben von Rolf Hochhuth. 12. Auflage, München"
3568;de.m.wikiquote.org;WasBeliebtIstAuchErlaubt;aum. In: Was beliebt ist auch erlaubt. Wilhelm ;"nter dem Fenster unerbittlich die Ohren zermartert."" - Wilhelm Busch, Eduards Traum. In: Was beliebt ist auch erlaubt. Wilhelm Busch. Sämtliche Werke II. Herausgegeben von Rolf Hochhuth. 12. Auflage, München"
3569;de.wikiquote.org;WasBeliebtIstAuchErlaubt;aum. In: Was beliebt ist auch erlaubt. Wilhelm ;"wir mögen tun, was wir wollen, Verdruß gibt's doch."" - Wilhelm Busch, Eduards Traum. In: Was beliebt ist auch erlaubt. Wilhelm Busch. Sämtliche Werke II. Herausgegeben von Rolf Hochhuth. 12. Auflage, München"
3570;law-journal.de;WasBeliebtIstAuchErlaubt;"ecksel – Was beliebt ist auch erlaubt, S. 619.
";"er wirtschaftlichen Verhältnisse bei
1 Prominente Abwandlung von Busch, Maler Klecksel – Was beliebt ist auch erlaubt, S. 619.
2 So etwa in den USA, s. Grossfeld, RabelsZ 39 1975, 5, 25.
3 So etwa in den USA"
3571;punkt-linden.de;WasBeliebtIstAuchErlaubt;haupt?: „was beliebt ist auch erlaubt“! Gedicht;"iest on Wilhelm Busch (1832 – 1908) unter dem Titel: „… und war es so nicht überhaupt?: „was beliebt ist auch erlaubt“! Gedichte, Geschichten und Auszüge aus Briefen v
am Sonntag, den 24.08.08, um 18.00 Uhr "
3573;de.m.wikiquote.org;WasBeliebtIstAuchErlaubt;luß. In: Was beliebt ist auch erlaubt. Wilhelm ;"verhindert sein."" - Wilhelm Busch, Balduin Bählamm, der verhinderte Dichter, Schluß. In: Was beliebt ist auch erlaubt. Wilhelm Busch. Sämtliche Werke II. Herausgegeben von Rolf Hochhuth. 12. Auflage, München"
3574;booklikes.com;WasBeliebtIstAuchErlaubt;"schicht. Was beliebt ist auch erlaubt
by: H. C.";"nd eine Auswahl der Skizzen und Gemälde in zwei Bänden: Und die Moral von der Geschicht. Was beliebt ist auch erlaubt
by: H. C. Wilhelm Busch (author)
Publisher: C. Bertelsmann Verlag..."" />
Pages no: 2272
E"
3583;de.bookmate.com;Wehe;"he, wehe, wehe! / Wenn ich auf das Ende sehe!"", ""Diese";" von Wilhelm Busch wiederholen. Viele Reime dieser Bildergeschichte wie ""Aber wehe, wehe, wehe! / Wenn ich auf das Ende sehe!"", ""Dieses war der erste Streich, doch der zweite folgt sogleich"" und ""Gott sei Dank! Nun"
3587;www.ebooksbilliger.de;Wehe;he, wehe, wehe! Wenn ich auf das Ende sehe!“, „Diese; von Wilhelm Busch wiederholen. Viele Reime dieser Bildergeschichte wie „Aber wehe, wehe, wehe! Wenn ich auf das Ende sehe!“, „Dieses war der erste Streich, doch der zweite folgt sogleich“ und „Gott sei Dank! Nun
3595;de.linkfang.org;Weste;"bist
247 Du siehst die Weste, nicht das Herz
248 Dumm ";" bist, was du isst
245 Du bist wie eine Blume
246 Du bleibst doch immer, was du bist
247 Du siehst die Weste, nicht das Herz
248 Dumm aus der Wäsche gucken
249 Dumm fickt gut
250 Dunkler Erdteil
251 Durch Abwesenhe"
3597;welt-der-zitate.de;Wille;"r Wille
„Viel besser als ein guter Wille wirkt man";"gens eingerichtetem Kontakt Formular vorschlagen.
Wilhelm Busch Zitat – ein guter Wille
„Viel besser als ein guter Wille wirkt manchmal eine gute Pille.“ Wilhelm Busch (1832 – 1908), deutscher Dichter, Maler un"
3642;de.m.wikiquote.org;Wunsch;"Ein jeder Wunsch, wenn er erfüllt, // Kriegt augenblicklich Junge."" - Wilhe";"e Weihnachtsfreude."" - Theodor Fontane, Wanderungen durch die Mark Brandenburg
""Ein jeder Wunsch, wenn er erfüllt, // Kriegt augenblicklich Junge."" - Wilhelm Busch, ""Niemals"", Gedicht erschienen in ""Schein und Sein""
""Eines ist dein Mög"
3643;www.jewiki.net;Wunsch;Ein jeder Wunsch, wenn er erfüllt, kriegt augenblicklich Junge. – Wilhel;"ug für jedermanns Bedürfnisse, aber nicht für jedermanns Gier. – Mahatma Gandhi
Ein jeder Wunsch, wenn er erfüllt, kriegt augenblicklich Junge. – Wilhelm Busch
Habgier im Alter ist eine Narrheit. Vergrößert man denn seinen Reiseprov"
3648;zitate-aphorismen.de;Enthaltsamkeit;"lm Busch: Enthaltsamkeit ist das Vergnügen
Enthaltsa";"Wilhelm Busch: Enthaltsamkeit ist das Vergnügen
Enthaltsamkeit ist das Vergnügen
An Sachen, welche wir nicht kriegen.
Quelle: Und die Moral von der Geschicht, Sämtliche Werke I, 4. Aufl. 1988: München, Bert"
3649;beusmann.de;Enthaltsamkeit;"r""
(139) ""Enthaltsamkeit ist das Vergnügen an Sachen";"Du jagst einen Tiger und findest dich schließlich schlafend auf einem Baum wieder""
(139) ""Enthaltsamkeit ist das Vergnügen an Sachen, welche wir nicht kriegen.""
(131) ""Es ist nicht schwer, zu komponieren. Aber es"
3701;www.zitate-datenbank.service-itzehoe.de;ErstensKommtEsAnders;"ed Jones
Erstens kommt es anders, und zwei";"sonen, Ereignisse und Dinge in Ihrer Umgebung sehen und dann darauf reagieren. Med Jones
Erstens kommt es anders, und zweitens als man denkt. Wilhelm Busch
Es hat keinen Sinn, mit dem Unvermeidlichen zu"
3802;beruhmte-zitate.de;Gedanken;", Gefühl
„Gedanken sind nicht stets parat, // man s";"n deutscher Schriftsteller und Literatur-Nobelpreisträger 1875 - 1955
Über Glück, Gefühl
„Gedanken sind nicht stets parat, // man schreibt auch, wenn man keine hat.“
Spricker - Aphorismen und Reime, Musik ist an"
3825;imgedankenflug.de;Gedankenflug;https://imgedankenflug.de/2020/0;"https://imgedankenflug.de/2020/02/ 30% Daily 2020-02-25 16:45
https://imgedankenflug.de/2020/01/ 30% Yearly 2020-01-17 03:06"
3826;imgedankenflug.de;Gedankenflug;https://imgedankenflug.de/die-eh;"https://imgedankenflug.de/die-ehre-der-aufmerksamkeit-brief-an-seelenverwandte/ 90% Monthly 2019-06-10 03:46
htt"
3827;imgedankenflug.de;Gedankenflug;https://imgedankenflug.de/google;https://imgedankenflug.de/google-unsre-aller-mutter/ 90% Monthly 2018-08-21 22:43
3836;www.literaturstadtduesseldorf.de;Gedankenflug;"ngen
2005 Gedankenflug – Aphoris";"1 Vom Naserümpfen des Gehirns, Meerbusch
2000 Kopfwehen – Denk Anstößiges, Hattingen
2005 Gedankenflug – Aphorismen & Illustrationen, die Dokumentation zum 1. Aphoristikertreffen, hrsg. mit Pe"
3843;www.jewiki.net;Gedankenflug;"u höherem Gedankenflug.
Schon br";"m zweiten Kapitel finden sich die Verse:[4]
Doch führt ihn bald ein tiefer Zug
Zu höherem Gedankenflug.
Schon brennt der Kopf, schon glüht der Sitz,
Schon sprüht ein heller Geistesblitz;
Schon"
4648;service.randomhouse.de;HansHuckebein; Moritz / Hans Huckebein / Die fro;"allvergnügt erwacht 2
» Max & Moritz / Fipps der Affe
» Max und Moritz
» Max und Moritz / Hans Huckebein / Die fromme Helene
» Max und Moritz op Kölsch
» Meine Zauberweihnacht
» Solange Herz und"
4649;service.randomhouse.de;HansHuckebein; Moritz / Hans Huckebein / Die fro;"h
» Der Schmetterling
» Max & Moritz / Fipps der Affe
» Max und Moritz
» Max und Moritz / Hans Huckebein / Die fromme Helene
» Max und Moritz op Kölsch
» Solange Herz und Auge offen
» Und die Mo"
4650;service.randomhouse.de;HansHuckebein; Moritz / Hans Huckebein / Die fro;"talten: Handlettering
» Max & Moritz / Fipps der Affe
» Max und Moritz
» Max und Moritz / Hans Huckebein / Die fromme Helene
» Max und Moritz op Kölsch
» Solange Herz und Auge offen
» Und die Mo"
4651;www.hoga-presse.de;HansHuckebein; Oder von Hans Huckebein, der zu v;" und Gebärden. Zum Beispiel von dem Punk, der einen Schmetterling fangen wollte. Oder von Hans Huckebein, der zu viel Schnaps trinkt.
Die Idee des Festivals knüpft an die lange Tradition des Mar"
4652;woerterbuchnetz.de;HansHuckebein;" Zweck«, »Hans Huckebein«; ferner ";"(Berl. 1893), »Der Hungerturm«, »Mauerblümchen«, »Zwei Wappen«, »Zum wohltätigen Zweck«, »Hans Huckebein«; ferner mit H. Wilken den Einakter »Migräne« (Mühlh. 1901), mit O. Blumenthal: »Großstad"
4653;www.buch-rezensionen.com;HansHuckebein; anderem „Hans Huckebein, der Ungl;ls einen Vorläufer der Comics bezeichnen kann. Weitere bekannte Werke sind unter anderem „Hans Huckebein, der Unglücksrabe“ (1867), „Die fromme Helene“ (1872) und „Fips der Affe“ (1879). Weniger
4654;www.versand-as.de;HansHuckebein; eBooks » Hans Huckebein der Unglü;"Startseite » eBooks » Hans Huckebein der Unglücksrabe
»E-Book-Sammlung Zeno.org«: Wilhelm Busch – Hans Huckebein der Unglücksr"
4655;www.ohrka.de;HansHuckebein; ihr auch Hans Huckebein (Kapitel ; Lausbuben-Streiche in Gedichtform von Wilhelm Busch. Neben Max und Moritz könnt ihr auch Hans Huckebein (Kapitel 2) und Das Bad am Samstagabend (Kapitel 3) hören. Eine wunderbare neue Aufnahme 
4656;umlauf.de;HansHuckebein; wie z.B. Hans Huckebein und Die f;en Popularität beigetragen hat. Daneben hat er noch weitere lustige Geschichten, wie z.B. Hans Huckebein und Die fromme Helene geschrieben. Seine Verknüpfung von Bilderfolgen und Texten fand sch
4657;www.kulturkreiskamen.de;HansHuckebein;". 3: aus „Hans Huckebein”
Abb. 4: ";"al doppelt scharf, trafen umso härter. Dann gab es Lachen und Szenenapplaus.
Abb. 3: aus „Hans Huckebein”
Abb. 4: aus „Die fromme Helene”
„Hans Huckebein“ in seiner Boshaftigkeit und die „Fromme"
4659;tredition.de;HansHuckebein;"Hans Huckebein
Lyrik und";"Hans Huckebein
Lyrik und Dramatik"
4661;p-t-m.eu;HansHuckebein;Helene“, „Hans Huckebein, der Ungl;Jugendliteratur angesiedelt werden, wie zum Beispiel die Geschichte „Die fromme Helene“, „Hans Huckebein, der Unglücksrabe“ oder die sicher den meisten Lesern bekannten Streiche der bösen Buben 
4662;www.hoerstern.de;HansHuckebein;Moritz – (Hans Huckebein – Die fro;"eigen „Die Hexenverschwörung (MP3)“ wurde deinem Warenkorb hinzugefügt.
Max und Moritz – (Hans Huckebein – Die fromme Helene)
Home > Shop > Hörbücher für Kinder > Klassiker > Max & Moritz > Max "
4663;www.mengede-intakt.de;HansHuckebein;Moritz“, „Hans Huckebein“ oder „Da;"lassen. (K.N.)
Wer kennt ihn nicht, den Schöpfer der Bildergeschichten „Max und Moritz“, „Hans Huckebein“ oder „Das Bad am Samstagabend“? Die Fangemeinde von Wilhelm Busch (1832-1908) ist so gro"
4664;madeinbocholt.de;HansHuckebein;Moritz”, “Hans Huckebein” oder “Di;"nn der […]
Wilhelm Busch Abend in Raesfeld-Erle
Kreis Borken/Raesfeld. “Max und Moritz”, “Hans Huckebein” oder “Die fromme Helene” – die Klassiker von Wilhelm Busch sind weltbekannt. Seine humor"
4666;www.arsmundi.de;HansHuckebein;"Tanzender Hans Huckebein"", Metallg";"derbuch der Welt...
Skulptur ""Max und Moritz"", Version in Kunstbronze
Skulptur ""Tanzender Hans Huckebein"", Metallguss
Wilhelm Busch: Skulptur ""Tanzender Hans Huckebein"", Metallguss 5.00 5 3
Wund"
4667;lewin-fischer.de;HansHuckebein;"Titel Hans Huckebein
und ander";"Titel Hans Huckebein
und andere Bildergeschichten
Vorwort von Robert Dangers
[154] unpaginierte Seiten
dt. Ers"
4668;www.presseorgane.de;HansHuckebein;chner von Hans Huckebein, dem Ungl; liegt an mehreren Gründen. Zwei dieser Gründe sind, dass Wilhelm Busch, der Zeichner von Hans Huckebein, dem Unglücksraben, in Wiedensahl bei Wunstorf geboren worden war und dass die Flugschüle
4669;literaturradiohoerbahn.com;HansHuckebein;chten wie Hans Huckebein und Die f;"glichte.
Wohl jeder kennt die Streiche von Max und Moritz. Auch die Bildergeschichten wie Hans Huckebein und Die fromme Helene sind immer noch in Erinnerung. Aber es gibt noch andere Seiten im W"
4670;www.ohrka.de;HansHuckebein;d Moritz, Hans Huckebein und Das B;"aul Maar (15 Min.)
Elf van Maarten, gelesen von Oliver Rohrbeck (60 Min.)
Max und Moritz, Hans Huckebein und Das Bad am Samstagabend, drei Busch-Gedichte (20 Min.)
Nils Holgerssons wunderbare Re"
4671;www.scribd.com;HansHuckebein;"d Plum"", ""Hans Huckebein, der Ungl";"n zählen die Bildergeschichten ""Max und Moritz"", ""Die fromme Helene"", ""Plisch und Plum"", ""Hans Huckebein, der Unglücksrabe"" und die ""Knopp-Trilogie"". Viele seiner Zweizeiler wie ""Vater werden is"
4672;lewin-fischer.de;HansHuckebein;dem Band «Hans Huckebein» (rororo ;übertreffliche Art und seine unvergängliche Volkstümlichkeit sind auch seine in dem Band «Hans Huckebein» (rororo Nr. 188) zusammengefaßten Bildergeschichten Hans Huckebein - der Unglücksrabe, D
4673;digitalmall.alstertal-einkaufszentrum.de;HansHuckebein;den Raben Hans Huckebein und all d;ider gar nicht so fromme Helene, die bösen Buben Max und Moritz, den likörliebenden Raben Hans Huckebein und all die anderen unsterblichen Figuren aus der spitzen Feder des begnadeten Zeichners 
4674;www.reinhard-buerck.de;HansHuckebein;"der Grimm
Hans Huckebein Wilhelm B";"
Fipps, der Affe Wilhelm Busch
Frau Holle Gebrüder Grimm
Hänsel und Gretel Gebrüder Grimm
Hans Huckebein Wilhelm Busch
Hans im Glück Gebrüder Grimm
König Drosselbart Gebrüder Grimm
Legenden vom "
4675;www.thalia.at;HansHuckebein;e Helene, Hans Huckebein und Baldu;d so treffend wie je, und seine Bildergeschichten über Max und Moritz, die fromme Helene, Hans Huckebein und Balduin Bählamm (um nur einige zu nennen) haben auch im Manga-Zeitalter von ihrem Wit
4676;www.bookrix.com;HansHuckebein;"elm Busch Hans Huckebein
Gustav Fa";"er Bürgerkrieg, Hans Beimler
Ulf Kreth Hans
Keywords: Jagd, Natur, Vernunft
Wilhelm Busch Hans Huckebein
Gustav Falke Hans Haunerland
Gustav Falke Hans Sporck"
4677;www.stadtverwaltung-seesen.de;HansHuckebein;"ene"" und ""Hans Huckebein"". Als Dic";"akterisierung. Berühmt wurden u. a. die Folgen ""Max und Moritz"", ""Die fromme Helene"" und ""Hans Huckebein"". Als Dichter schrieb Busch u. a. knappe Spruchgedichte von abgeklärter Lebensweisheit.
I"
4678;www.versand-as.de;HansHuckebein;"es Lebens
Hans Huckebein der Unglü";"t (Cotta) 1871.
Übers Erkennen und Empfinden in der menschlichen Seele
Märchen des Lebens
Hans Huckebein der Unglücksrabe"
4679;www.jugend-wochenschrift.de;HansHuckebein;esaurus) »Hans Huckebein, der Ungl;"Schlagwörter (Thesaurus) »Hans Huckebein, der Unglücksrabe«
Das gespannte Verhältniß in Berlin"
4680;webot.org;HansHuckebein;eschichte Hans Huckebein, der Ungl;schlacht inspirieren. Auch Wilhelm Busch verewigte literarisch in seiner Bildergeschichte Hans Huckebein, der Unglücksrabe die Gestalt eines Raben. Hexen und Zauberer vermögen sich u. a. auch in
4681;digital.zlb.de;HansHuckebein;"f; 27.1.: Hans Huckebein). Freitag";"chen; 13.1.: Wie man einen König heiratet; 20.1.: Der Fäustling und der Gugelhupf; 27.1.: Hans Huckebein). Freitags wird um 19 Uhr am 11.1. zur Theaterpremiere von „Carmenita, meine Romi“, dem 3"
4682;www.muk.uni-frankfurt.de;HansHuckebein;gel sowie Hans Huckebein. Lauströe;Illustrationen sowie zahlreiche Skizzen zu Reineke der Fuchs, Der Hase und der Igel sowie Hans Huckebein. Lauströer, geboren 1979, hat an der an der Hamburger Hochschule für Angewandte Wissensch
4683;www.s38-worms.de;HansHuckebein;gen Raben Hans Huckebein, der sich;, dem Schneider Böck und dem Lehrer Lämpel böse Streiche spielen? Oder den listigen Raben Hans Huckebein, der sich selbst gegen Hund und Katz zu wehren weiß und der gutmütigen Tante Lotte das Le
4684;www.theaterhof19.de;HansHuckebein;hen, über Hans Huckebein, dem Häsc;nd dargestellt. Es gibt viel zum Nachdenken, zum Schmunzeln und zum herzhaft Lachen, über Hans Huckebein, dem Häschen, oder dem Tanz von Fuchs und Gans. Auch darf natürlich Fipps, der Affe nicht
4685;heimatreport.de;HansHuckebein;itz” und “Hans Huckebein” – wer ke;edichten sorgt er für Lachen bei Jung und Alt. “Die fromme Helene”, “Max und Moritz” und “Hans Huckebein” – wer kennt sie nicht alle! Jedoch verbirgt sich hinter seinen Versen und Geschichten se
4686;www.juergen-wegscheider.de;HansHuckebein;itz” und “Hans Huckebein” – wer ke;edichten sorgt er für Lachen bei Jung und Alt. “Die fromme Helene”, “Max und Moritz” und “Hans Huckebein” – wer kennt sie nicht alle, jedoch verbirgt sich hinter seinen Versen und Geschichten se
4687;www.eurobuch.de;HansHuckebein;k, Greif, Hans Huckebein, der Ungl;silisk, Lowenadler, Road Runner und Wile E. Coyote, Die Vogel, Phonix, Daffy Duck, Greif, Hans Huckebein, der Unglucksrabe, Vedrfolnir, Adler am nordischen Weltenbaum, Der goldene Vogel, Hraesve
4688;alive-ag.de;HansHuckebein;lm Busch: Hans Huckebein - erzählt;"Wilhelm Busch: Hans Huckebein - erzählt von Theo Lingen
Inhaltsangabe: Hans Huckebein, der Unglücksrabe ist eine der bekanntesten Geschichten Wilhelm... mehr
Produktinformatio"
4689;www.heinrich-zille.net;HansHuckebein;"lm Busch: Hans Huckebein.
Das Pust";"ht ...“:
Ein Kinderbuch aus der Bibliothek
Handschrift von Anna Seghers in Wilhelm Busch: Hans Huckebein.
Das Pusterohr. Das Bad am Samstag Abend, 20. Aufl., Stuttgart u.a., o.J.
Wie lernte Anna"
4690;www.vasilov.eu;HansHuckebein;lum“ und „Hans Huckebein“. Viele w;x und Moritz erschaffen. Er schrieb auch noch „Die fromme Helene“, „Plisch und Plum“ und „Hans Huckebein“. Viele weitere Werke folgten. Oft schrieb er satirisch über bestimmte Typen oder gar Ges
4692;www.avelarte.de;HansHuckebein;ne« oder »Hans Huckebein«, die vie;uen sich aber auch seine Welt- und Menschheitssatiren, wie etwa »Die fromme Helene« oder »Hans Huckebein«, die viele Menschen bis heute erheitern und ihren Zitatenschatz bereichern, ungebrochene
4693;www.exlibris.ch;HansHuckebein;on, Knax, Hans Huckebein, der Ungl;dags, Captain Future, Die Götter aus dem All, Der Virtuos, Werner, Nick Knatterton, Knax, Hans Huckebein, der Unglücksrabe, Provi Stars, Vater und Sohn, Die Wolke, Der Geburtstag oder die Partik
4694;images.sub.uni-goettingen.de;HansHuckebein;"rau Knopp
Hans Huckebein, der Ungl";"Leipzig; Stuttgart 1
Herr und Frau Knopp
Hans Huckebein, der Unglücksrabe"
4696;www.schultreff.de;HansHuckebein;"tz
- 1870 Hans Huckebein
- 1872 Di";"ch schon zu seinen Lebzeiten war.
Zu seinen Werken gehören :
- 1865 Max und Moritz
- 1870 Hans Huckebein
- 1872 Die fromme Helene
- 1874 Die Kritik des Herzens
- 1879 Fipps der Affe
- 1884 Maler"
4697;www.aerzteblatt.de;HansHuckebein;tz, Fips, Hans Huckebein und viele;ren des berühmten Wilhelm Busch (1832–1908). Dessen Geschichten von Max und Moritz, Fips, Hans Huckebein und vielen anderen erfreuen sich bis heute weltweiter Beliebtheit und gelten als die erst
4698;de.scribd.com;HansHuckebein;tz“ oder „Hans Huckebein, der Ungl;"er der Bürger nicht Opfer handlungsstarker Plagegeister, wie es in „Max und Moritz“ oder „Hans Huckebein, der Unglücksrabe“ der Fall war, sondern durchgängig die handelnde Hauptperson.
Weitere H"
4699;www.abipur.de;HansHuckebein;t” (u.a. “Hans Huckebein, der Ungl;ch Beiträge für die Zeitschriften “über Land und Meer” und “Die illustrierte Welt” (u.a. “Hans Huckebein, der Unglücksrabe”) außerdem schreibt er für eine Imker Fachzeitschrift, deren Redakteur 
4700;www.vemag-medien.de;HansHuckebein;und Plum, Hans Huckebein und ander;"nschauen
Ein Klassiker der deutschen Kinderliteratur mit Max und Moritz, Plisch und Plum, Hans Huckebein und anderen
Die turbulenten und humorvollen Bildergeschichten von Max und Moritz, Plisch "
4701;www.lovelybooks.de;HansHuckebein;und Plum, Hans Huckebein, ... u.a.;"hten, Märchen, Erzählungen, Gedichte: Max und Moritz, Die fromme Helene, Plisch und Plum, Hans Huckebein, ... u.a. (Gesammelte Werke bei Null Papier 13)
stefanie_alexandra_wittgenstein
Schön, da"
4702;de.bookmate.com;HansHuckebein;und Plum, Hans Huckebein, der Ungl; der Bildergeschichten schuf er u. a. Max und Moritz, Die fromme Helene, Plisch und Plum, Hans Huckebein, der Unglücksrabe, die Knopp-Trilogie und weitere, bis heute populäre Werke.
4703;www.aufklaerung21.de;HansHuckebein;und Plum, Hans Huckebein, der Ungl;Als Pionier des Comics schuf er u. a. Max und Moritz, Die fromme Helene, Plisch und Plum, Hans Huckebein, der Unglücksrabe, die Knopp-Trilogie und weitere, bis heute populäre Werke. Oft griff er
4704;www.positiv-magazin.de;HansHuckebein;und Plum, Hans Huckebein, der Ungl;"n Werken zählen die Bildergeschichten Max und Moritz, Die fromme Helene, Plisch und Plum, Hans Huckebein, der Unglücksrabe und die Knopp-Trilogie.
Viele seiner Zweizeiler wie „Vater werden ist n"
4705;service.randomhouse.de;HansHuckebein;"welt wie ""Hans Huckebein“ und ""Die";"eschichte von Max und Moritz ist ein Klassiker, auch Satiren auf die Spießbürgerwelt wie ""Hans Huckebein“ und ""Die fromme Helene“ erfreuen sich ungebrochener Beliebtheit. Aber es gibt noch ander"
4706;hoergut-verlag.de;HansHuckebein;"«, 1865; »Hans Huckebein, der Ungl";"Epigramms), die er treffsicher mit Bilderfolgen verband, z.B. in »Max und Moritz«, 1865; »Hans Huckebein, der Unglücksrabe«, 1867 oder »Die fromme Helene«, 1872, in denen er Spießbürgertum, Verl"
4707;hanauonline.de;HansHuckebein;ücksrabe „Hans Huckebein“ findet s;"grund hinweisen“, verdeutlichte Bugdahl.
Der von Wilhelm Busch beschriebene Unglücksrabe „Hans Huckebein“ findet sich ebenfalls unter den Gemälden von Angela Bugdahl. - Foto: MKK -
Der Rabe als "
4709;www.kulturkreiskamen.de;Helene;" 4: aus „Die fromme Helene”
„Hans Hu";" härter. Dann gab es Lachen und Szenenapplaus.
Abb. 3: aus „Hans Huckebein”
Abb. 4: aus „Die fromme Helene”
„Hans Huckebein“ in seiner Boshaftigkeit und die „Fromme Helene“ in ihrer bigotten Frömm"
4710;www.aldilife.com;Helene;" Busch - Die fromme Helene
Das gestö";" sein Humor allzusehr Galgenhumor.
Das große farbige Wilhelm Busch Album
Wilhelm Busch - Die fromme Helene
Das gestörte Rendezvous
Wilhelm Busch - Gesammelte Werke - Bildergeschichten, Märchen, Er"
4711;www.hoebu.de;Helene;" Busch - Die fromme Helene
Kleiner S";"Max und Moritz - Eine Bubengeschichte in sieben Streichen
Wilhelm Busch: Wilhelm Busch - Die fromme Helene
Kleiner Sagenschatz
Herr Schröder: World of Lehrkraft
Andreas Marneros: Die List
Sophie R"
4712;digital.zlb.de;Helene; Buschs „Die fromme Helene“, 11.03.2;9.03.2014 •  Sinn & Ton, Christine Marx und Klaus Nothnagel präsentieren Wilhelm Buschs „Die fromme Helene“, 11.03.2014 •  Jubiläumsveranstaltung zu Oscar Gregorovius (Gründer, Baumeister und Förd
4713;www.buk-uchte.de;Helene; Geist: „Die fromme Helene“ – ein sü;hter Bürgerhaus. Besucher erwartet ein absoluter Hochgenuss für Augen, Ohren und Geist: „Die fromme Helene“ – ein sündiges Frauenleben von Wilhelm Busch. Ob aus jungen Huren immer alte Betschweste
4714;www.lovelybooks.de;Helene; Moritz, Die fromme Helene, Plisch u;" - Gesammelte Werke - Bildergeschichten, Märchen, Erzählungen, Gedichte: Max und Moritz, Die fromme Helene, Plisch und Plum, Hans Huckebein, ... u.a. (Gesammelte Werke bei Null Papier 13)
stefanie"
4715;de.bookmate.com;Helene; Moritz, Die fromme Helene, Plisch u; Zeichner Deutschlands. Als Pionier der Bildergeschichten schuf er u. a. Max und Moritz, Die fromme Helene, Plisch und Plum, Hans Huckebein, der Unglücksrabe, die Knopp-Trilogie und weitere, bis h
4716;www.aufklaerung21.de;Helene; Moritz, Die fromme Helene, Plisch u; „Klassiker des deutschen Humors“. Als Pionier des Comics schuf er u. a. Max und Moritz, Die fromme Helene, Plisch und Plum, Hans Huckebein, der Unglücksrabe, die Knopp-Trilogie und weitere, bis h
4717;www.positiv-magazin.de;Helene; Moritz, Die fromme Helene, Plisch u;"e des Comics. Zu seinen bekanntesten Werken zählen die Bildergeschichten Max und Moritz, Die fromme Helene, Plisch und Plum, Hans Huckebein, der Unglücksrabe und die Knopp-Trilogie.
Viele seiner Z"
4718;podtail.com;Helene; Moritz, die fromme Helene oder Plis;" Kinderschreck
Jeder kennt sie: Die Bildergeschichten von Wilhelm Busch: Max und Moritz, die fromme Helene oder Plisch und Plumm. Und viele seiner Reime sind sprichwörtlich geworden, z.B. ""Vater w"
4719;lettern.de;Helene; Moritz, die fromme Helene und viele;"ausen. Hier wird Münchhausens Schöpfer vorgestellt.
Wer kennt sie nicht? Max und Moritz, die fromme Helene und viele andere bekannte Gestalten.
Kurzbiografie vom Deutschen Historischen Museum.
Die"
4720;www.thalia.at;Helene; Moritz, die fromme Helene, Hans Huc;hre nach seinem Tod so treffend wie je, und seine Bildergeschichten über Max und Moritz, die fromme Helene, Hans Huckebein und Balduin Bählamm (um nur einige zu nennen) haben auch im Manga-Zeitalt
4721;beruhmte-zitate.de;Helene;" lässt.“
Die fromme Helene, 18. Kapi";"ist 1903 - 1950
„Das Gute - dieser Satz steht fest - ist stets das Böse, was man lässt.“
Die fromme Helene, 18. Kapitel/Schlußwort
„Alles kann einem Mann abgenommen werden, aber nur eines: die let"
4722;textatelier.com;Helene;"!“
(Aus „Die fromme Helene“ von Wilh";"Versform:
„Das Gute - dieser Satz steht fest –
Ist stets das Böse, was man lässt!“
(Aus „Die fromme Helene“ von Wilhelm Busch)
Auf dem Buchrücken der neuen Aphorismen-Anthologie steht diese Kostpr"
4723;www.buch-rezensionen.com;Helene;(1867), „Die fromme Helene“ (1872) u;n. Weitere bekannte Werke sind unter anderem „Hans Huckebein, der Unglücksrabe“ (1867), „Die fromme Helene“ (1872) und „Fips der Affe“ (1879). Weniger bekannt ist, dass der Humorist auch Autor rei
4724;lewin-fischer.de;Helene;"(1870), ""Die fromme Helene"" (1872), ";"htigkeit, Scheinmoral und falsche Frömmigkeit seiner Zeit: Der heilige Antonius (1870), ""Die fromme Helene"" (1872), ""Herr und Frau Knopp"" (1876).
Inhalt: Die im vorliegenden Band enthaltenen Bilde"
4725;www.neufeld-verlag.de;Helene;"30 Uhr.
„Die fromme Helene – oder: W";"ürokratischem Irrsinn und schwierigen Gewissensfragen. Die Lesung beginnt um 19.30 Uhr.
„Die fromme Helene – oder: Wer Sorgen hat, hat auch Likör“ heißt es am Sonnabend, 28. Oktober ab 17 Uhr im I"
4727;hoergut-verlag.de;Helene;67 oder »Die fromme Helene«, 1872, i;" verband, z.B. in »Max und Moritz«, 1865; »Hans Huckebein, der Unglücksrabe«, 1867 oder »Die fromme Helene«, 1872, in denen er Spießbürgertum, Verlogenheit und Selbstzufriedenheit ins Lächerliche "
4728;www.weltbild.at;Helene;Moritz / Die fromme Helene, 1 Audio-;"Max und Moritz / Die fromme Helene, 1 Audio-CD
Autor: Wilhelm Busch
Schreiben Sie den ersten Kommentar zu ""Max und Moritz / "
4729;lewin-fischer.de;Helene;"Titel Die fromme Helene
Wilhelm B";"Titel Die fromme Helene
Wilhelm Busch, Maler, Zeichner, Dichter und Philosoph, ist der volkstümlichste Humorist D"
4730;www.kunstkreis-versmold.de;Helene;"a Kratz ""Die fromme Helene"". Ein The";"2012, 20.00 Uhr in der Galerie et
Es singt, spielt, tanzt, akkordioniert: Barbara Kratz ""Die fromme Helene"". Ein Theaterstück nach der Bildergeschichte von Wilhelm Busch
Freitag, 04. Mai 2012, 20 "
4731;umlauf.de;Helene;bein und Die fromme Helene geschrieb;tragen hat. Daneben hat er noch weitere lustige Geschichten, wie z.B. Hans Huckebein und Die fromme Helene geschrieben. Seine Verknüpfung von Bilderfolgen und Texten fand schnell viele Freunde und
4732;literaturradiohoerbahn.com;Helene;bein und Die fromme Helene sind imme;kennt die Streiche von Max und Moritz. Auch die Bildergeschichten wie Hans Huckebein und Die fromme Helene sind immer noch in Erinnerung. Aber es gibt noch andere Seiten im Wirken von Wilhelm Busc
4733;www.vasilov.eu;Helene;ch noch „Die fromme Helene“, „Plisch;Busch hat nicht nur die Geschichten von Max und Moritz erschaffen. Er schrieb auch noch „Die fromme Helene“, „Plisch und Plum“ und „Hans Huckebein“. Viele weitere Werke folgten. Oft schrieb er sat
4734;p-t-m.eu;Helene;chichte „Die fromme Helene“, „Hans H;m Genre Kinder- und Jugendliteratur angesiedelt werden, wie zum Beispiel die Geschichte „Die fromme Helene“, „Hans Huckebein, der Unglücksrabe“ oder die sicher den meisten Lesern bekannten Streich
4735;www.s38-worms.de;Helene;"e sind: ""Die fromme Helene"", ""Fipps,";"en 1865, kennt noch heute nahezu jedes Kind in Deutschland. Andere bekannte Werke sind: ""Die fromme Helene"", ""Fipps, der Affe"", aber auch viele Gedichtsammlungen, Erzählungen und Gemälde. Der Spre"
4736;forvm.contextxxi.org;Helene;"e)
1965: Die fromme Helene (auch Reg";"Chéri (Regie und Kommentator)
1965: Das Liebeskarussell (Episodenfilm, auch Regie)
1965: Die fromme Helene (auch Regie)
1966: Das Abgründige in Herrn Gerstenberg (ZDF) (auch Autor und Regie)
1967:"
4737;de.m.wikipedia.org;Helene;"en
1965: Die fromme Helene
1965: Ich";"(TV)
1963: Die zwölf Geschworenen (TV)
1964: Vorsicht Mister Dodd
1965: Die Herren
1965: Die fromme Helene
1965: Ich suche einen Mann
1966: Kommissar Freytag (TV-Serie)
1966: Grieche sucht Griechi"
4738;www.aktuelle-veranstaltungen.at;Helene;"en 2020 “Die fromme Helene”
Atzbache";"Aktuelle Seite: Start / Theater / Atzbacher Theaterwochen 2020 “Die fromme Helene”
Atzbacher Theaterwochen 2020 “Die fromme Helene”
Komödie in drei Akten von Cornelia Will"
4739;www.reinhard-buerck.de;Helene;"er Grimm
Die fromme Helene Wilhelm B";"Alte-Weiber-Mühle Richard von Volkmann-Leander
Die Bremer Stadtmusikanten Gebrüder Grimm
Die fromme Helene Wilhelm Busch
Die Gänsemagd Gebrüder Grimm
Die Schildbürger Conradus Agyrta von Bellemont"
4740;gastspiel.komoedie-berlin.de;Helene;"ermanns ""Die fromme Helene"". 2013 en";"lzburger Festspielen in Friedrich Cerhas ""1. Keintate"" sowie in Bernd Alois Zimmermanns ""Die fromme Helene"". 2013 engagierte ihn das ""Ensemble Modern"" als Hanns Eisler-Interpret für ein Konzert in"
4742;anabel71.wordpress.com;Helene;h (Werk: Die fromme Helene, Epilog);"am | Veröffentlicht in einfach nur so | Hinterlasse einen Kommentar
Wilhelm Busch (Werk: Die fromme Helene, Epilog)"
4743;www.claudio.de;Helene;"h"" oder ""Die fromme Helene"". Sie all";"assikern wie ""Das Bad am Samstagabend"", ""Diogenes und die bösen Buben von Korinth"" oder ""Die fromme Helene"". Sie alle (und noch vielmehr) sind auf diesem Hörbuch versammelt.
Gedichte und Erzählung"
4744;www.audible.de;Helene;"he u. a.
Die fromme Helene und weite";" und Gretel, Das tapfere Schneiderlein, Des Kaisers neue Kleider, Die roten Schuhe u. a.
Die fromme Helene und weitere Gedichte von Wilhelm Busch und Joachim Ringelnatz.
Satiren von Kurt Tucholsky"
4745;www.aphorismen.de;Helene;"hichten. Die fromme Helene,1872
Gott";" - 1908), deutscher Zeichner, Maler und Schriftsteller
Quelle: Busch, Bildergeschichten. Die fromme Helene,1872
Gott sei Dank! Nun ist's vorbei
mit der Übeltäterei.
Quelle: Busch, Bildergeschichte"
4746;www.ots.at;Helene;"hr, Ö1) ""Die fromme Helene"" zu hören";"v. a. mit.
Am 9. Jänner, Buschs Todestag, ist in den ""Radiogeschichten"" (11.40 Uhr, Ö1) ""Die fromme Helene"" zu hören, gelesen von Evelyn Hamann. 1871 erdachte Wilhelm Busch die Bildergeschichte vo"
4747;edition-panel.com;Helene;"ie Oper ""Die fromme Helene"" nach ein";"lauf des Jahres an. Die Staatsoper Hannover zeigt bereits seit dem 11. Februar die Oper ""Die fromme Helene"" nach einer Busch-Geschichte. Auch die Bremer Glocke führt Musik aus Busch-Vertonungen in"
4748;www.avelarte.de;Helene;ie etwa »Die fromme Helene« oder »Ha;stes Werk. Daneben erfreuen sich aber auch seine Welt- und Menschheitssatiren, wie etwa »Die fromme Helene« oder »Hans Huckebein«, die viele Menschen bis heute erheitern und ihren Zitatenschatz be
4749;www.spirituosen-verband.de;Helene;"inmal an die fromme Helene.
Die gese";" besondere Note in einem Cocktail. Und beim nächsten Likör ... denken Sie noch einmal an die fromme Helene.
Die gesetzlichen Vorgaben für Likör regelt die europäische Spirituosenverordnung in Anha"
4750;service.randomhouse.de;Helene;"in“ und ""Die fromme Helene“ erfreuen";"Moritz ist ein Klassiker, auch Satiren auf die Spießbürgerwelt wie ""Hans Huckebein“ und ""Die fromme Helene“ erfreuen sich ungebrochener Beliebtheit. Aber es gibt noch andere Seiten im Wirken von W"
4751;www.eiris.eu;Helene;itz oder Die fromme Helene ebenso wi;ellung ein: Unter den 120 Exponaten befinden sich populäre Werke wie Max und Moritz oder Die fromme Helene ebenso wie zahlreiche unbekannte Arbeiten aus Buschs freiem zeichnerischen und malerische
4752;service.randomhouse.de;Helene;"kebein / Die fromme Helene
» Max und";"cht
» Max & Moritz / Fipps der Affe
» Max und Moritz
» Max und Moritz / Hans Huckebein / Die fromme Helene
» Max und Moritz op Kölsch
» Solange Herz und Auge offen
» Und die Moral von der Geschich"
4753;service.randomhouse.de;Helene;"kebein / Die fromme Helene
» Max und";"ing
» Max & Moritz / Fipps der Affe
» Max und Moritz
» Max und Moritz / Hans Huckebein / Die fromme Helene
» Max und Moritz op Kölsch
» Solange Herz und Auge offen
» Und die Moral von der Geschich"
4754;service.randomhouse.de;Helene;"kebein / Die fromme Helene
» Max und";"t 2
» Max & Moritz / Fipps der Affe
» Max und Moritz
» Max und Moritz / Hans Huckebein / Die fromme Helene
» Max und Moritz op Kölsch
» Meine Zauberweihnacht
» Solange Herz und Auge offen
» Und di"
4755;www.hoerstern.de;Helene;"kebein – Die fromme Helene)
Home > S";"rschwörung (MP3)“ wurde deinem Warenkorb hinzugefügt.
Max und Moritz – (Hans Huckebein – Die fromme Helene)
Home > Shop > Hörbücher für Kinder > Klassiker > Max & Moritz > Max und Moritz – (Hans H"
4756;www.frag-einen-anwalt.de;Helene;"lich an „Die fromme Helene"" von Wilh";"en andererseits unterschieden? Man wird beim Lesen dieser Beschreibung unwillkürlich an „Die fromme Helene"" von Wilhelm Busch erinnert:
""Der Schang, der hatte nun einmal / ‘nen Hang zum Küchenpers"
4757;www.aufklaerung21.de;Helene;lich wie Die fromme Helene (1872) un;Zeichners und Dichters Wilhelm Busch aus dem Jahr 1864, veröffentlicht 1870. Ähnlich wie Die fromme Helene (1872) und Pater Filucius (1872) ist die Bildergeschichte von der antiklerikalen Haltung 
4758;www.urlaub-und-reise-news.de;Helene;ls oder „Die fromme Helene“ von Wilh;ngen unter anderem Stücke wie „Die Glocke von Carlow“, Streiche Till Eulenspiegels oder „Die fromme Helene“ von Wilhelm Busch auf die Bühne. Musik aus vielen Jahrhunderten, besinnlich, mitreißend 
4759;pilger-weg.de;Helene;"lsweise ""Die fromme Helene"".
1864 fe";"r von satirischen Bildergeschichten mit Versen wie ""Max und Moritz"" oder beispielsweise ""Die fromme Helene"".
1864 fertigte Wilhelm Busch das Werk ""Der Heilige Antonius von Padua"" an, das jedoch na"
4760;dewiki.academic.ru;Helene;m Busch, Die fromme Helene (1872) - ;".
„Wie lieb und luftig perlt die Blase/ Der Witwe Klicko in dem Glase!“
– Wilhelm Busch, Die fromme Helene (1872) - Kapitel 9, Die Hochzeitsreise
Eine Biographie der Witwe Clicquot findet sich in "
4761;theomag.de;Helene;"m Busch, Die fromme Helene, 1872
Ver";" auf
Das Gute, dieser Satz steht fest,
ist stets das Böse, das man lässt.
Wilhelm Busch, Die fromme Helene, 1872
Verführt Ästhetik zum „Guten Handeln“? Wilhelm Busch (1832 – 1908) schildert in der"
4762;luettringhauser-anzeiger.de;Helene;mehr als die fromme Helene“ vom Kult;"he im Rathaus Lüttringhausen.
Biographische Ansätze
Zur Lesung „Wilhelm Busch – mehr als die fromme Helene“ vom Kulturkreis im Heimatbund Lüttringhausen in Kooperation mit der Stadt Remscheid fand"
4763;www.schultreff.de;Helene;"n
- 1872 Die fromme Helene
- 1874 Di";"eiten war.
Zu seinen Werken gehören :
- 1865 Max und Moritz
- 1870 Hans Huckebein
- 1872 Die fromme Helene
- 1874 Die Kritik des Herzens
- 1879 Fipps der Affe
- 1884 Maler Klecksel
- 1909 Schein u"
4764;heimatreport.de;Helene;nd Alt. “Die fromme Helene”, “Max un; des Humors. Mit seinen Geschichten und Gedichten sorgt er für Lachen bei Jung und Alt. “Die fromme Helene”, “Max und Moritz” und “Hans Huckebein” – wer kennt sie nicht alle! Jedoch verbirgt sich 
4765;www.thalia.at;Helene;"nd Freud
Die fromme Helene auf Latei";"Erstausgabe (1810)
&nbspFragmente aus dem Schauspiel (1808)
Kai Bremer
von Sigmund Freud
Die fromme Helene auf Lateinisch
Die Kunst der islamischen Welt
von Martina Müller-Wiener
von Charlotte Sch"
4766;beruhmte-zitate.de;Helene;"nerlei.“
Die fromme Helene, 1. Kapit";"an denket nichts dabei, // Und die Kinder werden Sünder, // Wenn's den Eltern einerlei.“
Die fromme Helene, 1. Kapitel
„Unsre Taten selbst, so gut als unsre Leiden, // Sie hemmen unsres Lebens Gan"
4767;madeinbocholt.de;Helene;n” oder “Die fromme Helene” – die Kl;"h Abend in Raesfeld-Erle
Kreis Borken/Raesfeld. “Max und Moritz”, “Hans Huckebein” oder “Die fromme Helene” – die Klassiker von Wilhelm Busch sind weltbekannt. Seine humoristischen Werke sorgen fü"
4768;www.stadtverwaltung-seesen.de;Helene;"oritz"", ""Die fromme Helene"" und ""Han";"napper, treffender Charakterisierung. Berühmt wurden u. a. die Folgen ""Max und Moritz"", ""Die fromme Helene"" und ""Hans Huckebein"". Als Dichter schrieb Busch u. a. knappe Spruchgedichte von abgeklär"
4769;www.scribd.com;Helene;"oritz"", ""Die fromme Helene"", ""Plisch";"es Comics. Zu seinen bekanntesten Werken zählen die Bildergeschichten ""Max und Moritz"", ""Die fromme Helene"", ""Plisch und Plum"", ""Hans Huckebein, der Unglücksrabe"" und die ""Knopp-Trilogie"". Viele s"
4770;www.merkheft.de;Helene;oritz«, »Die fromme Helene« oder »Ju;"rfläche: »Digitale Bibliothek 4« (PC oder Mac).
Die Bildergeschichten »Max und Moritz«, »Die fromme Helene« oder »Julchen« gehören seit langem zum Hausschatz der Deutschen. Wie bei den meisten von"
4771;www.kultur-port.de;Helene;oritz“, „Die fromme Helene“, „Plisch;" mehr als 70 Bilder stammen aus dem Museum Wilhelm Busch in Hannover.
„Max und Moritz“, „Die fromme Helene“, „Plisch und Plum“ oder „Der Unglücksrabe“ – in Buschs Geschichten mit dem selbstsichere"
4772;lewin-fischer.de;Helene;owie in «Die fromme Helene» (1872) (;und falsche Frömmigkeit seiner Zeit, zunächst in «Der heilige Antonius» (1870) sowie in «Die fromme Helene» (1872) (rororo Nr. 255) und dann in der hier wieder vorliegenden Tobias-Knopp-Trilogie «
4773;tillkrabbe.de;Helene;r 2008: „Die fromme Helene“ Ein gutb;"nzu.
Seine erste gemeinsame Produktion erlebte das Quartett im Wilhelm-Busch-Jahr 2008: „Die fromme Helene“ Ein gutbürgerliches Kammermusical nach Wilhelm Busch.
Clemens Greve, Leiter der Frankfur"
4774;scharf-links.de;Helene;"rteilos)
Die fromme Helene: Es ist e";" nicht den größten Wert, in jeder Kultur der Menschheit?
Valentina Schneider (parteilos)
Die fromme Helene: Es ist ein Brauch von alters her – wer Sorgen hat, hat auch Likör (Wilhelm Busch)
Am Son"
4775;de.linkfang.org;Helene;schichte Die fromme Helene von Wilhe;" Böse, was man lässt
Diese Feststellung stammt aus dem Schlusswort zu der Bildgeschichte Die fromme Helene von Wilhelm Busch. Mit diesen Worten stellt Busch die Ordnung wieder her. Auf der Website"
4776;www.aufklaerung21.de;Helene;schichte Die fromme Helene von seine;weitere Anklagen befürchtete, wurde Buschs zweite antiklerikal geprägte Bildergeschichte Die fromme Helene von seinem langjährigen Freund Otto Friedrich Bassermann veröffentlicht, der den von sein
4777;down-syndrom-hannover.de;Helene;"t Euro.
„Die fromme Helene – oder: W";"um 19.30 Uhr. Eintritt: fünf Euro zuzüglich Vorverkaufsgebühren, Abendkasse: acht Euro.
„Die fromme Helene – oder: Wer Sorgen hat, hat auch Likör“ heißt es am Sonnabend, 28. Oktober ab 17 Uhr im I"
4778;lingener-kammerorchester.de;Helene;t) oder “Die fromme Helene” mit der ;nooper “Das Tagebuch der Anne Frank” von Grigori Frid (Sopran Sandra Schwarzhaupt) oder “Die fromme Helene” mit der Disseuse Gisela May. Seit Dezember 2005 ist er Dirigent des Lingener Kammerorche
4779;frank-vogelsang.de;Helene;tauchen (Die fromme Helene), ist wei;r gestalteten Substanz besteht, wie sie in den Zeichnungen von Wilhelm Busch auftauchen (Die fromme Helene), ist weit und breit nicht zu finden. Es gibt offenkundig keine Substanz, auch keine fein
4780;community.beck.de;Helene;"usch in “Die fromme Helene"" nur eine";"en diese Molesten vergessen oder leichter ertragen läßt, und so äußert Wilhelm Busch in “Die fromme Helene"" nur einen Satz allgemeinen Wissens:
“Es ist ein Brauch von Alters her,
wer Sorgen hat, h"
4781;www.kammermusik-heute.de;Helene;usik zu „Die fromme Helene“, frei na;hmidt-Isserstedt durfte ich 1960 (sozusagen als „Lehrlingsarbeit“) die Hörspielmusik zu „Die fromme Helene“, frei nach Wilhelm Busch, komponiert von Bernd Alois Zimmermann für ein größeres Bläsere
4782;de.m.wikipedia.org;Helene;ussell | Die fromme Helene | Das Abg; Doppelbett | Das hab ich von Papa gelernt | Heirate mich, Chéri | Das Liebeskarussell | Die fromme Helene | Das Abgründige in Herrn Gerstenberg | Der erste Frühlingstag | Der fidele Bauer | Die s
4783;www.wikizero.com;Helene;"za
1957: Die fromme Helene
1957: Omn";"ionen
1956: Perspektiven – Musik für ein imaginäres Ballet
1957: Canto di speranza
1957: Die fromme Helene
1957: Omnia tempus habent
1958: Impromptu
1960: Dialoge – Konzert für zwei Klaviere und g"
4787;beruhmte-zitate.de;IrrtSichDer;"g blieb
„Wenn einer, der mit Mühe kaum // Gekroc";", während Sie weiter vor sich hin plappern.“
— Kazuo Ishiguro, Was vom Tage übrig blieb
„Wenn einer, der mit Mühe kaum // Gekrochen ist auf einen Baum, // Schon meint, daß er ein Vogel wär, // So irrt sich de"
4793;www.quotez.net;Kreatur;"samkeit
""Denn der Mensch als Kreatur hat von R";"m Umgange mit ihnen kennen lernen."" - Christian Garve, Über Gesellschaft und Einsamkeit
""Denn der Mensch als Kreatur hat von Rücksicht keine Spur."" - Wilhelm Busch, Julchen
""Denn indem ein Mensch mit den ih"
4794;www.schultreff.de;KritikDesHerzens;" 1874 Die Kritik des Herzens
- 1879 Fi";"gehören :
- 1865 Max und Moritz
- 1870 Hans Huckebein
- 1872 Die fromme Helene
- 1874 Die Kritik des Herzens
- 1879 Fipps der Affe
- 1884 Maler Klecksel
- 1909 Schein und Sein Erzählung :
Eduards Tr"
4795;www.claudio.de;KritikDesHerzens; Helene · Kritik des Herzens · Peinlic;eime alltäglicher Verlogen- und Verschrobenheiten: · Max und Moritz · Die fromme Helene · Kritik des Herzens · Peinlich berührt · Der Esel · Die Täuschung · Es ist halt schön · u.a. Gelesen von Fran
4796;www.abipur.de;KritikDesHerzens;ealismus, Kritik des Herzens, Fliegend;"Wilhelm (1832 - 1908)
Wilhelm Busch, Max und Moritz, Maler, Zeichner, Dichter, Realismus, Kritik des Herzens, Fliegende Blätter, Münchner Bilderbogen, Referat, Hausaufgabe, Busch, Wilhelm (1832 - 19"
4797;lexikon.stangl.eu;KritikDesHerzens;"gen.
Aus: Kritik des Herzens, 1874.
Si";"erliche Betrügen.
Du weißt Bescheid, ich weiß Bescheid;
Und allen macht’s Vergnügen.
Aus: Kritik des Herzens, 1874.
Siehe dazu Lügen, Täuschen und Verdecken.
Birnbaum, Gurit E., Iluz, Mor & Reis, Ha"
4798;lewin-fischer.de;KritikDesHerzens;htbänden «Kritik des Herzens» (1874) u;"Der Schreihals, Die Prise. Der Lyriker Busch sprach sich aus in den beiden Gedichtbänden «Kritik des Herzens» (1874) und «Zu guter Letzt» (1904) (rororo Nr. 257).
R. Schaukai: W. B., 1905;
H. Balzer"
4799;lewin-fischer.de;KritikDesHerzens;htbänden «Kritik des Herzens» (1894) u;"Der Schreihals, Die Prise. Der Lyriker Busch sprach sich aus in den beiden Gedichtbänden «Kritik des Herzens» (1894) und «Zu guter Letzt» (1904) (rororo Nr. 257).
R. Schaukal: W. B., 1905;
H. Balzer"
4800;hoergut-verlag.de;KritikDesHerzens;"htungen (»Kritik des Herzens«, 1874; »";"n dichterischen Werk. Weder seine von Heinrich Heine beeinflussten lyrischen Dichtungen (»Kritik des Herzens«, 1874; »Zu guter Letzt«, 1904) noch seine Prosa (»Eduards Traum«, 1891; »Der Schmetterli"
4801;zav.arbeitsagentur.de;KritikDesHerzens;klen „Die Kritik des Herzens“ und „Sch;um Zuhören und Schmunzeln( nicht aus „Max & Moritz“, sondern aus den Gedichts-zyklen „Die Kritik des Herzens“ und „Schein und Sein“) - Besonderheit: Vierzehn Verse sind stilgerecht vertont (gibt es 
4802;www.frankfurt-inklusiv.de;KritikDesHerzens;"lm Busch: Kritik des Herzens
Johann Wo";"ere sind in Planung.
Folgende Gedichte wurden in Gebärdenpoesie übersetzt:
Wilhelm Busch: Kritik des Herzens
Johann Wolfgang von Goethe: Mailied
Heinrich Heine: Im wunderschönen Monat Mai
August Hei"
4803;encyclopaedia.fandom.com;KritikDesHerzens;"sammlung »Kritik des Herzens«.[3]
In d";"t.[2] Bei Wilhelm Busch erscheint 1874 ein »Bienlein mit Gebrumm« in der Gedichtsammlung »Kritik des Herzens«.[3]
In der Comicserie Tim und Struppi tritt wiederkehrend ein Professor namens Balduin B"
4804;www.naxos.com;KritikDesHerzens;sammlung „Kritik des Herzens“, die Wil;sst war: vor allem von Schopenhauer. Das findet seinen Niederschlag in der Lyriksammlung „Kritik des Herzens“, die Wilhelm Busch—ohne Zeichnungen—1874 veröffentlichte, und auch in der kleinen Selbst
4805;schattenblick.org;KritikDesHerzens;tsammlung Kritik des Herzens, die 1874;en Lyrikern deutscher Sprache wird Busch nicht gezählt. Seine bekannteste Gedichtsammlung Kritik des Herzens, die 1874 erschien, war ein Misserfolg. Das vermutlich, weil der romantische Gefühlston, 
4861;poesie-mit-musik.de;Engel;"Briefen.
Man ist ja von Natur kein Engel
Ein Portr";"Porträt dieses großartigen Dichters in ausgewählten Gedichten, Prosastücken und Briefen.
Man ist ja von Natur kein Engel
Ein Porträt des Dichtermalers Wilhelm Busch.
So unvergesslich wie seine Bildergeschichten"
4865;down-syndrom-hannover.de;Likoer; – oder: Wer Sorgen hat, hat auch Likör“ heißt es;"nf Euro zuzüglich Vorverkaufsgebühren, Abendkasse: acht Euro.
„Die fromme Helene – oder: Wer Sorgen hat, hat auch Likör“ heißt es am Sonnabend, 28. Oktober ab 17 Uhr im Inklusiven Café Anna Blume. Axel LaDeur "
4876;www.berlin.de;Likoer;m Motto “Wer Sorgen hat, hat auch Likör” tauchten;"bund Treptow in der Ernststraße
Cornelia Flader beim Kulturbund Treptow
Unter dem Motto “Wer Sorgen hat, hat auch Likör” tauchten die Besucherinnen und Besucher am 05.02.2019 ein in die Welt von Wilhelm Busch "
